cluster,elem_0,elem_1,elem_2,elem_3,elem_4,elem_5,elem_6,elem_7,elem_8,elem_9,elem_10,elem_11,elem_12,elem_13,elem_14,elem_15,elem_16,elem_17,elem_18,elem_19,elem_20,elem_21,elem_22,elem_23,elem_24,elem_25,elem_26,elem_27,elem_28,elem_29,elem_30,elem_31,elem_32,elem_33,elem_34,elem_35,elem_36,elem_37,elem_38,elem_39,elem_40,elem_41,elem_42,elem_43,elem_44,elem_45,elem_46,elem_47,elem_48,elem_49,elem_50,elem_51,elem_52,elem_53,elem_54,elem_55,elem_56,elem_57,elem_58,elem_59,elem_60,elem_61,elem_62,elem_63,elem_64,elem_65,elem_66,elem_67,elem_68,elem_69,elem_70,elem_71,elem_72,elem_73,elem_74,elem_75,elem_76,elem_77,elem_78,elem_79,elem_80,elem_81,elem_82,elem_83,elem_84,elem_85,elem_86,elem_87,elem_88,elem_89,elem_90,elem_91,elem_92,elem_93,elem_94,elem_95,elem_96,elem_97,elem_98,elem_99,elem_100,elem_101,elem_102,elem_103,elem_104,elem_105,elem_106,elem_107,elem_108,elem_109,elem_110,elem_111,elem_112,elem_113,elem_114,elem_115,elem_116,elem_117,elem_118,elem_119,elem_120,elem_121,elem_122,elem_123,elem_124,elem_125,elem_126,elem_127,elem_128,elem_129,elem_130,elem_131,elem_132,elem_133,elem_134,elem_135,elem_136,elem_137,elem_138,elem_139,elem_140,elem_141,elem_142,elem_143,elem_144,elem_145,elem_146,elem_147,elem_148,elem_149,elem_150,elem_151,elem_152,elem_153,elem_154,elem_155,elem_156,elem_157,elem_158,elem_159,elem_160,elem_161,elem_162,elem_163,elem_164,elem_165,elem_166,elem_167,elem_168,elem_169,elem_170,elem_171,elem_172,elem_173,elem_174,elem_175,elem_176,elem_177,elem_178,elem_179,elem_180,elem_181,elem_182,elem_183,elem_184,elem_185,elem_186,elem_187,elem_188,elem_189,elem_190,elem_191,elem_192,elem_193,elem_194,elem_195,elem_196,elem_197,elem_198,elem_199,elem_200,elem_201,elem_202,elem_203,elem_204,elem_205,elem_206,elem_207,elem_208,elem_209,elem_210,elem_211,elem_212,elem_213,elem_214,elem_215,elem_216,elem_217,elem_218,elem_219,elem_220,elem_221,elem_222,elem_223,elem_224,elem_225,elem_226,elem_227,elem_228,elem_229,elem_230,elem_231,elem_232,elem_233,elem_234,elem_235,elem_236,elem_237,elem_238,elem_239,elem_240,elem_241,elem_242,elem_243,elem_244,elem_245,elem_246,elem_247,elem_248,elem_249,elem_250,elem_251,elem_252,elem_253,elem_254,elem_255,elem_256,elem_257,elem_258,elem_259,elem_260,elem_261,elem_262,elem_263,elem_264,elem_265,elem_266,elem_267,elem_268,elem_269,elem_270,elem_271,elem_272,elem_273,elem_274,elem_275,elem_276,elem_277,elem_278,elem_279,elem_280,elem_281,elem_282,elem_283,elem_284,elem_285,elem_286,elem_287,elem_288,elem_289,elem_290,elem_291,elem_292,elem_293,elem_294,elem_295,elem_296,elem_297,elem_298,elem_299,elem_300,elem_301,elem_302,elem_303,elem_304,elem_305,elem_306,elem_307,elem_308,elem_309,elem_310,elem_311,elem_312,elem_313,elem_314,elem_315,elem_316,elem_317,elem_318,elem_319,elem_320,elem_321,elem_322,elem_323,elem_324,elem_325,elem_326,elem_327,elem_328,elem_329,elem_330,elem_331,elem_332,elem_333,elem_334,elem_335,elem_336,elem_337,elem_338,elem_339,elem_340,elem_341,elem_342,elem_343,elem_344,elem_345,elem_346,elem_347,elem_348,elem_349,elem_350,elem_351,elem_352,elem_353,elem_354,elem_355,elem_356,elem_357,elem_358,elem_359,elem_360,elem_361,elem_362,elem_363,elem_364,elem_365,elem_366,elem_367,elem_368,elem_369,elem_370,elem_371,elem_372,elem_373,elem_374,elem_375,elem_376,elem_377,elem_378,elem_379,elem_380,elem_381,elem_382,elem_383,elem_384,elem_385,elem_386,elem_387,elem_388,elem_389,elem_390,elem_391,elem_392,elem_393,elem_394,elem_395,elem_396,elem_397,elem_398,elem_399,elem_400,elem_401,elem_402,elem_403,elem_404,elem_405,elem_406,elem_407,elem_408,elem_409,elem_410,elem_411,elem_412,elem_413,elem_414,elem_415,elem_416,elem_417,elem_418,elem_419,elem_420,elem_421,elem_422,elem_423,elem_424,elem_425,elem_426,elem_427,elem_428,elem_429,elem_430,elem_431,elem_432,elem_433,elem_434,elem_435,elem_436,elem_437,elem_438,elem_439,elem_440,elem_441,elem_442,elem_443,elem_444,elem_445,elem_446,elem_447,elem_448,elem_449,elem_450,elem_451,elem_452,elem_453,elem_454,elem_455,elem_456,elem_457,elem_458,elem_459,elem_460,elem_461,elem_462,elem_463,elem_464,elem_465,elem_466,elem_467,elem_468,elem_469,elem_470,elem_471,elem_472,elem_473,elem_474,elem_475,elem_476,elem_477,elem_478,elem_479,elem_480,elem_481,elem_482,elem_483,elem_484,elem_485,elem_486,elem_487,elem_488,elem_489,elem_490,elem_491,elem_492,elem_493,elem_494,elem_495,elem_496,elem_497,elem_498,elem_499,elem_500,elem_501,elem_502,elem_503,elem_504,elem_505,elem_506,elem_507,elem_508,elem_509,elem_510,elem_511,elem_512,elem_513,elem_514,elem_515,elem_516,elem_517,elem_518,elem_519,elem_520,elem_521,elem_522,elem_523,elem_524,elem_525,elem_526,elem_527,elem_528,elem_529,elem_530,elem_531,elem_532,elem_533,elem_534,elem_535,elem_536,elem_537,elem_538,elem_539,elem_540,elem_541,elem_542,elem_543,elem_544,elem_545,elem_546,elem_547,elem_548,elem_549,elem_550,elem_551,elem_552,elem_553,elem_554,elem_555,elem_556,elem_557,elem_558,elem_559,elem_560,elem_561,elem_562,elem_563,elem_564,elem_565,elem_566,elem_567,elem_568,elem_569,elem_570,elem_571,elem_572,elem_573,elem_574,elem_575,elem_576,elem_577,elem_578,elem_579,elem_580,elem_581,elem_582,elem_583,elem_584,elem_585,elem_586,elem_587,elem_588,elem_589,elem_590,elem_591,elem_592,elem_593,elem_594,elem_595,elem_596,elem_597,elem_598,elem_599,elem_600,elem_601,elem_602,elem_603,elem_604,elem_605,elem_606,elem_607,elem_608,elem_609,elem_610,elem_611,elem_612,elem_613,elem_614,elem_615,elem_616,elem_617,elem_618,elem_619,elem_620,elem_621,elem_622,elem_623,elem_624,elem_625,elem_626,elem_627,elem_628,elem_629,elem_630,elem_631,elem_632,elem_633,elem_634,elem_635,elem_636,elem_637,elem_638,elem_639,elem_640,elem_641,elem_642,elem_643,elem_644,elem_645,elem_646,elem_647,elem_648,elem_649,elem_650,elem_651,elem_652,elem_653,elem_654,elem_655,elem_656,elem_657,elem_658,elem_659,elem_660,elem_661,elem_662,elem_663,elem_664,elem_665,elem_666,elem_667,elem_668,elem_669,elem_670,elem_671,elem_672,elem_673,elem_674,elem_675,elem_676,elem_677,elem_678,elem_679,elem_680,elem_681,elem_682,elem_683,elem_684,elem_685,elem_686,elem_687,elem_688,elem_689,elem_690,elem_691,elem_692,elem_693,elem_694,elem_695,elem_696,elem_697,elem_698,elem_699,elem_700,elem_701,elem_702,elem_703,elem_704,elem_705,elem_706,elem_707,elem_708,elem_709,elem_710,elem_711,elem_712,elem_713,elem_714,elem_715,elem_716,elem_717,elem_718,elem_719,elem_720,elem_721,elem_722,elem_723,elem_724,elem_725,elem_726,elem_727,elem_728,elem_729,elem_730,elem_731,elem_732,elem_733,elem_734,elem_735,elem_736,elem_737,elem_738,elem_739,elem_740,elem_741,elem_742,elem_743,elem_744,elem_745,elem_746,elem_747,elem_748,elem_749,elem_750,elem_751,elem_752,elem_753,elem_754,elem_755,elem_756,elem_757,elem_758,elem_759,elem_760,elem_761,elem_762,elem_763,elem_764,elem_765,elem_766,elem_767,elem_768,elem_769,elem_770,elem_771,elem_772,elem_773,elem_774,elem_775,elem_776,elem_777,elem_778,elem_779,elem_780,elem_781,elem_782,elem_783,elem_784,elem_785,elem_786,elem_787,elem_788,elem_789,elem_790,elem_791,elem_792,elem_793,elem_794,elem_795,elem_796,elem_797,elem_798,elem_799,elem_800,elem_801,elem_802,elem_803,elem_804,elem_805,elem_806,elem_807,elem_808,elem_809,elem_810,elem_811,elem_812,elem_813,elem_814,elem_815,elem_816,elem_817,elem_818,elem_819,elem_820,elem_821,elem_822,elem_823,elem_824,elem_825,elem_826,elem_827,elem_828,elem_829,elem_830,elem_831,elem_832,elem_833,elem_834,elem_835,elem_836,elem_837,elem_838,elem_839,elem_840,elem_841,elem_842,elem_843,elem_844,elem_845,elem_846,elem_847,elem_848,elem_849,elem_850,elem_851,elem_852,elem_853,elem_854,elem_855,elem_856,elem_857,elem_858,elem_859,elem_860,elem_861,elem_862,elem_863,elem_864,elem_865,elem_866,elem_867,elem_868,elem_869,elem_870,elem_871,elem_872,elem_873,elem_874,elem_875,elem_876,elem_877,elem_878,elem_879,elem_880,elem_881,elem_882,elem_883,elem_884,elem_885,elem_886,elem_887,elem_888,elem_889,elem_890,elem_891,elem_892,elem_893,elem_894,elem_895,elem_896,elem_897,elem_898,elem_899,elem_900,elem_901,elem_902,elem_903,elem_904,elem_905,elem_906,elem_907,elem_908,elem_909,elem_910,elem_911,elem_912,elem_913,elem_914,elem_915,elem_916,elem_917,elem_918,elem_919,elem_920,elem_921,elem_922,elem_923,elem_924,elem_925,elem_926,elem_927,elem_928,elem_929,elem_930,elem_931,elem_932,elem_933,elem_934,elem_935,elem_936,elem_937,elem_938,elem_939,elem_940,elem_941,elem_942,elem_943,elem_944,elem_945,elem_946,elem_947,elem_948,elem_949,elem_950,elem_951,elem_952,elem_953,elem_954,elem_955,elem_956,elem_957,elem_958,elem_959,elem_960,elem_961,elem_962,elem_963,elem_964,elem_965,elem_966,elem_967,elem_968,elem_969,elem_970,elem_971,elem_972,elem_973,elem_974,elem_975,elem_976,elem_977,elem_978,elem_979,elem_980,elem_981,elem_982,elem_983,elem_984,elem_985,elem_986,elem_987,elem_988,elem_989,elem_990,elem_991,elem_992,elem_993,elem_994,elem_995,elem_996,elem_997,elem_998,elem_999,elem_1000,elem_1001,elem_1002,elem_1003,elem_1004,elem_1005,elem_1006,elem_1007,elem_1008,elem_1009,elem_1010,elem_1011,elem_1012,elem_1013,elem_1014,elem_1015,elem_1016,elem_1017,elem_1018,elem_1019,elem_1020,elem_1021,elem_1022,elem_1023,elem_1024,elem_1025,elem_1026,elem_1027,elem_1028,elem_1029,elem_1030,elem_1031,elem_1032,elem_1033,elem_1034,elem_1035,elem_1036,elem_1037,elem_1038,elem_1039,elem_1040,elem_1041,elem_1042,elem_1043,elem_1044,elem_1045,elem_1046,elem_1047,elem_1048,elem_1049,elem_1050,elem_1051,elem_1052,elem_1053,elem_1054,elem_1055,elem_1056,elem_1057,elem_1058,elem_1059,elem_1060,elem_1061,elem_1062,elem_1063,elem_1064,elem_1065,elem_1066,elem_1067,elem_1068,elem_1069,elem_1070,elem_1071,elem_1072,elem_1073,elem_1074,elem_1075,elem_1076,elem_1077,elem_1078,elem_1079,elem_1080,elem_1081,elem_1082,elem_1083,elem_1084,elem_1085,elem_1086,elem_1087,elem_1088,elem_1089,elem_1090,elem_1091,elem_1092,elem_1093,elem_1094,elem_1095,elem_1096,elem_1097,elem_1098,elem_1099,elem_1100,elem_1101,elem_1102,elem_1103,elem_1104,elem_1105,elem_1106,elem_1107,elem_1108,elem_1109,elem_1110,elem_1111,elem_1112,elem_1113,elem_1114,elem_1115,elem_1116,elem_1117,elem_1118,elem_1119,elem_1120,elem_1121,elem_1122,elem_1123,elem_1124,elem_1125,elem_1126,elem_1127,elem_1128,elem_1129,elem_1130,elem_1131,elem_1132,elem_1133,elem_1134,elem_1135,elem_1136,elem_1137,elem_1138,elem_1139,elem_1140,elem_1141,elem_1142,elem_1143,elem_1144,elem_1145,elem_1146,elem_1147,elem_1148,elem_1149,elem_1150,elem_1151,elem_1152,elem_1153,elem_1154,elem_1155,elem_1156,elem_1157,elem_1158,elem_1159,elem_1160,elem_1161,elem_1162,elem_1163,elem_1164,elem_1165,elem_1166,elem_1167,elem_1168,elem_1169,elem_1170,elem_1171,elem_1172,elem_1173,elem_1174,elem_1175,elem_1176,elem_1177,elem_1178,elem_1179,elem_1180,elem_1181,elem_1182,elem_1183,elem_1184,elem_1185,elem_1186,elem_1187,elem_1188,elem_1189,elem_1190,elem_1191,elem_1192,elem_1193,elem_1194,elem_1195,elem_1196,elem_1197,elem_1198,elem_1199,elem_1200,elem_1201,elem_1202,elem_1203,elem_1204,elem_1205,elem_1206,elem_1207,elem_1208,elem_1209,elem_1210,elem_1211,elem_1212,elem_1213,elem_1214,elem_1215,elem_1216,elem_1217,elem_1218,elem_1219,elem_1220,elem_1221,elem_1222,elem_1223,elem_1224,elem_1225,elem_1226,elem_1227,elem_1228,elem_1229,elem_1230,elem_1231,elem_1232,elem_1233,elem_1234,elem_1235,elem_1236,elem_1237,elem_1238,elem_1239,elem_1240,elem_1241,elem_1242,elem_1243,elem_1244,elem_1245,elem_1246,elem_1247,elem_1248,elem_1249,elem_1250,elem_1251,elem_1252,elem_1253,elem_1254,elem_1255,elem_1256,elem_1257,elem_1258,elem_1259,elem_1260,elem_1261,elem_1262,elem_1263,elem_1264,elem_1265,elem_1266,elem_1267,elem_1268,elem_1269,elem_1270,elem_1271,elem_1272,elem_1273,elem_1274,elem_1275,elem_1276,elem_1277,elem_1278,elem_1279,elem_1280,elem_1281,elem_1282,elem_1283,elem_1284,elem_1285,elem_1286,elem_1287,elem_1288,elem_1289,elem_1290,elem_1291,elem_1292,elem_1293,elem_1294,elem_1295,elem_1296,elem_1297,elem_1298,elem_1299,elem_1300,elem_1301,elem_1302,elem_1303,elem_1304,elem_1305,elem_1306,elem_1307,elem_1308,elem_1309,elem_1310,elem_1311,elem_1312,elem_1313,elem_1314,elem_1315,elem_1316,elem_1317,elem_1318,elem_1319,elem_1320,elem_1321,elem_1322,elem_1323,elem_1324,elem_1325,elem_1326,elem_1327,elem_1328,elem_1329,elem_1330,elem_1331,elem_1332,elem_1333,elem_1334,elem_1335,elem_1336,elem_1337,elem_1338,elem_1339,elem_1340,elem_1341,elem_1342,elem_1343,elem_1344,elem_1345,elem_1346,elem_1347,elem_1348,elem_1349,elem_1350,elem_1351,elem_1352,elem_1353,elem_1354,elem_1355,elem_1356,elem_1357,elem_1358,elem_1359,elem_1360,elem_1361,elem_1362,elem_1363,elem_1364,elem_1365,elem_1366,elem_1367
0,Avions‘court,re—,peuvent—,Autriche,Spleen,eéde,"rue
Cigale",uneonseil,Folie,efi',soli—,commandémens,telain,moteur—,domestiquù_o,Lu-,hell(= allaient(=,"-

— Sois",Dauphin,Vandenesse,venant._enﬁn,grand—livre,Améde‘e,cher,A l’hôpital,Lovelacc,devaitsecou—,Suisse,Datum,Montcornet,si—,D’ALBERT savanes,médie—Française,t823,mysté—,talonne,résis—,l‘a,Doubs,.Florine,Lampbrani,"com-
merce de Besançon",Lesjournaux,j‘en,Van—,senti—,Européen,assem—,Dent de “Viard,Com,considéra—,cathédrale de Besançon,Fi‘anciens,Rivarol lisant Florian,bois de Boulogne,le Rhin,passionn,mada—,hom—,no—,S,napoléo—,amours—,ﬁe’,Ordinaire,spleen—,.-fæ,Phétoré,Itàlienne,faut—,Touches,pres—,Bisontins,Jura,pr inca,luigièl‘é,Gcrsau,veu—,créa—,mu—,eXpirant,Légitimistes,le Corso,brasàsa,parlait‘italien,"Marie—
Eugênie","connais—
sance",intel—,gard,résul—,ban—,jüry,chemi—,plusle,Frances}a,E_pressé,ajoutez,Cité sauts ton pien hz‘1‘euæ tc,hou1ge01s,Vauchel-,demon—,pauvrevgrund,Àlil,donie,vieux Lovelacc,minis—,poir—,Pbui'uni,Granet,Quotidienne,jour—,aper—,Dent,Cousteau,l‘aime“ Spéciale de son âm,Gandolphini,lise,caract—,Brie,baron—,Fédéral,Se,Sa',Cos,Corso,lomène,m=‘àson’StOpper,dix—-,égale—,pour01r,anti—,ﬁèVI‘e,beau—frère,conti—,avan—,Dent de Vilard,vœu.futuresàl,diplo—,l‘on,manège,compas—,d’instruction,Rocher,verras,gare de l’écharpe,rs,sachez—,coq de l‘hôtel,Nucingen,répétâ,éton—,Lecon—,giteuql,de-Napoléon à'Joséphine,mar—-,politi—,Belzébut,Saint—,"mes-;,il",permet—,LA uncnsssu,Beli—,Dent de' Vilain,àParis,P9,Gerba,"extraordi—
naire",la Seine,Sommes,Loire,Les Saules,Bourg,Borromées,médienne,prenez—,grave—,Raoul,jh’,atmos—,Nantua,Ghampfort,m’_àiifte1‘a,voyais,C0'—,"italienne,,et",alpes,serv1r,Tre Monasteri,class—,gende—,Ht,b—,Sion,Emilio,journa—,T—.:Mais,rue Feydeau,Cirque espagnol,comtesse de Van—-,vienne,éles—,long—,Revientœ,piste des intl—,a—,justi—,Àlaér,grand—sur,Grenoble,Naples,Philomènes,moin—,Yuma,Deux-Cent,il_te,s’établir,éldgmtt,Éet,plus._violente,"ﬁs,]l’",rue du Perron,jardin Bergmann,impr—,puyé,m‘en,Soulas,impatroni,confi—,Albeüdoit,Parisien,Andrieux,Walter-,"Baoul,_la",t._Si,Lyon,Brunet,mons,Barcelone,l‘hôtel,premièreçfois,rende—,Londres,connu—,Neufchâtol,remon—,gand,Vandènesse,"Par—
talus",tran—,extrait—,amen—,cachemire,cHouage,Palais,Les_jeunesima—,Nevers,événe—,Avez,Anglaises,"- —
A",Sutton,du Doubs,Ï,bouton—,Rapt,Lons,C‘étaitjouer,heureux—,Temps,tente—,Mon—,Large,Alpes,s—,reﬂet,iran,Seules,yeux',bongo—,lanter—,Tuileries,républi—,fémi—,Voilà,vmxlé_gitimitès,amur,sont—,Rooney,siégeaît,écri—,Bouzey,char—,"Chartreuse des
Bouxey",aspire—,ai Ïñt',circonf—,Grande Chartreuse,Masse].,Laponie,l’avène—,choi—,rapi—,s’attendantà,in’,Ga-,arcades sour—,Apprenez,Co.peintre,"A BELGICA‘I‘E,—",adler—,laisser—,niens,courtis—,contraste_que,bois rustiqueé,Vienne,lez,admirable—,nour—,Gigogne,Opéra,Œregarde,méca—,Sidonie de Chaÿencourt,Aumilieude,Normandie,Servir,Champs,agiotagc,Venez,protocol—,déla—,la cohési0n,maitre‘sse—ﬁlle,imper—,Ehl,Saint-Gothard,Comédie,roma—,Haüsséæ,sédes,Li—,Brune-,pè1e,applaudie—,appar—,s_b10n,plus—,discrétioft,N0r',Boule,Neufchâtel,Bayeux,Berne,Naturellement1l,obéis—,"-,—e-",Belgradeè,inci—,Angleterre,prosp—,Gersàu,sardo—,ans._Les,Belgirele,"château des
Colonna",passage Sandraé,Gur,Venir,il’,division—,pluies—,Ang‘aise,Moniteur,au.-,écono—,nesse,gage—,Vivre,trio—,Çhavonoourt,Français,Semoule,mouvemenshar—,employer—,trempe de Florine,d‘adorab‘hfs,Massol,rue du Croissant,priélé,ga1dsFlorine,Espagnols,Hommes,Blçnet,Clichy,Française,BE,“ï,Vernie‘il,expi—,Gharnathan,naNçEY,enten—,j‘ai,"lac de
Genève",arran—,Romy,répon—,Chantonnay,tell intéressé,Bruel,Françaises,Marie—Angélique,dente—,Sardaigne,"Phnomèné l,0_1'_1t",pare—,Savaron,Chavoucourt,Etats romains,Chavoncourt,fastueuse—,Ansbach,indi—,Mail,lac Majeur,Compter,Renaissance,lumi—,malheur—,médi—,attel—,Beatrix,iran—,Besançon,Bourg-,de Besançon,maison nam,Girardet,appara—,Songe,Rubens,réso—,Vit,lèbre,Bègrante,Sicilienne,Basse—du—Rempart,bal de l’Opéra,Phi—-,Q.dand',géné—,décou—,Chasseur étin—,enter—,Saverne,Rabat,Hollandais,le proton—,.nommnitLoùise,trop—,Grance,Al_—,ler,uouoiuui—,BALZÀ(L,Idéal,Gersau,cher-,pour—,Méditerranée,uno mobilitéiéb,Saint-Gotha‘rd,r_._che,"la‘,base",Comtois,rue de Ne—,"Fon-
taine",Francais,Félix,Balkans,renon—,exacte—,regard—,"T'rê—
facture",su—,Louis—Phüÿape,"for—
tune",l‘ai,Parisiens,Her—,l’,Ivoirienne,Watlevdle,manière‘dont,dis—-,“ Comtesse,"circonf—
tance",r—,au-,Empëtré,—- Non,Les,Colonne,"pleurait,4mais",Chartreuse,Gandohuhini,ambi—,respect—,Simplon,expliquerBesançon,Curiosité,se'trouver,Quels,Cha—,écla—,Son,Riceys,Balthasar,Est,l’Italie,Sautez,Albertaurailﬁimplé,Ila11enne,Impartial,déses—,E,Milan1s,Patriote,-—- x1n,Nucia-,bios—,p—,lac des Quatre—Cantons,envo—,Romains,sour—,excus—,regret—-,jaloux—,l’Europe,Gigonnet,Sans,"Re,—",Ëmonsieur,S’,ubélunä,nonchalant—,D‘ièut,Milanais,Jardin des Plantes,Obl,vou—,maine—,momentané—,Baoul',Schmu,Berlin,puis—,croyez--,cameroun,j’,.”-“:.,chez—,Serait,Donc,facile—,proton—,paris,Pilogue,»Dans,mit1biden;éhausse,Suisses,Rente,Conti,capi—,cons—,belvèrc,la Scala,Boulogne,mais—,chui—,ﬁle des de Rupt,Noblesse,Lui?jamais,Sels,rue Saint—Lazare,rape—,V1(1la1,"Belgrade,'moﬁ",aléa—,Savarùs,m(mla°neux,Rhin,s’être,Francesca,Rhône,ton—,vanessa1rement1mpm,dange—,décon—,rez,empli—,Saint—Germain,France$a,meuse,Français-,et’,Saint—Hére,Raoul‘sera,répu—,Mariniers,joursde,Vernon,etdela,hôtel de Root,Brièresﬁ,espé—,Hummel,liennes,Mairie,"comtesse de Van—
denesse",Eaux,Besancon,entend—,urbain—,eæwptioad’,Wattenﬂle,La Libertad,pardonne—,que_Florine,L’,colla—,Amédis,rue Basse—du—Rempart,"puis—
sance des relations sociales",vivace—,Indes,îneveu—,la Havane,thçon,Marie-Eugénie,Chavoubourt,Le Chemin,Alberta,goncourt,Pont de Ward,Graci-,srÈctn,l'Europe,Nobles,Avant1830,lady—,M0—,Paris,la Comtoise,Lenain,Belgique,cher—,comprend—,inter—,Germain,déman—,repa—,Jérémie,"F1‘au
de cette9'leüto Suisse",Genevois,les Rouxey,Bohême,stem,supp0ricr“,éter—,ga1erie,Souffre-tü,mademoiselle,Ministère,Saulieu,obligéde,ho—,"vieuX château des
Colonna",resse—,Voix'enfant—,NÉE,Visconti,lac des Quatre—Can—,Nathan,Quint,Arrêtons,moselle Savarus,baie de Naples,Love-,Atheriallu,ce’,athlète—,MariaGeélique,soixante—,Visages,roya—,Béatrix,parti—,cru—-,Es,Sais,Retournez,Mamer—,inté—,.comme»chäcun,de_ﬁnotre’,Terme,jasmin,Lëôpbd,mardi—,interrog—,Sicile,maniﬁques,lons,Eug‘nie,consulta—,consid—,titeﬂ,amour—,Chambre,litté—,Décidément,reve—,malpropre—,Hésilé,chaud—,masson usé,Vives,Apprenant,Chalon,corn,ména—,s_s_en,Russes,Vand',Intérêts,Àlcr‘t,car—-,la Comtesse,Florentine,"bois de
Boulogne",Enﬁn,para—,jusqu’,Bixiou,comtesse de Vande-,Jusqu‘alors,l’0ppo—,Marsan,Napolitain,pour$sé,Fatigué,Saint—Martin,Rastignac,Rouxeyi,"parisien,,le lac de
Genève",Sûr,O-,Colonna de' home,Cercle,Influen,Franche—Comté,dispu—,Anglais,Rodolpheles,MADAME,laïve,habi—,Ghantonnit,rue Neuve,nic—,héaé—,"can—

diat républicain",Nous‘teau’,franchis—,demand—,Ève,Eu—,Atheriallu-olmroher,Ramassée,Sut,lac des Bouxey,Les Rouxey,m(11'1me,ITALIE,Peuple,allum111e,—on,Quo1que,notre exil—,ge—,vingt—sept,<,Cé,Sachez,He,Où,Vais,"d’éta—
blair",soudan,Mort-,Floride,Rioeys,magniﬁ—,Bourse,Contrat,confrotcrnrté,rioairogéuéral,enﬁd,Souvenirs,Dition,eûtabou—,Glisinbre-h’ai—,Gouvernement,disaitRaoul,mois—,Nu—,hôtel de But,Religion,J‘accepterais,Ger—,Champs-Elysées,Gymnase,Provence,instru—,Portsmouth,la Provence,Mil,comtesse,Tinti,autour—,Jour,gallique,apporte—,Dôle,Grande—Chartreuse,Partez,Sexe,aspen—,garni—,Virginie,ravis‘sait,Monvel,"aﬁ""aire",Grâces,saëte,comtesse de Mont—,quatre—vingts,Quaïﬁi,conna—,Presse,observ—,Paris.—Impr,Masse,Onglet,Comédie humaine,compl—,Besan—,Pérou,voquée extraordinaüement,exer—,Hasard,yeux_de feu,Auteuil,besancon,Framäâca,Ferney,Voussawz,because,En',t‘ros',salom—,Cour,mansardes,connais—,Bouxey,t‘ût,conte—,Bois,de Boulogne,exagér,habita—,c'_o“anais,Essaie,"italienne,,et s’",Sous-che,"dan—
ger",I,Per—,boule—,veît,éprou—,Eugênie,Camps,Tràhit,Neuve,Comté,L’Espagne,t’,Fl-cle'nÿ Malgré,guet—,quittàt,Marre,costa—,cabine‘mysté,Moderne,Rasta{nac,parfaite—,aﬁ‘aires,singulière—,suez,Bâle',amiens,menton,vaientà l’hôtel de Rupt,mpi—,Noi,Etc,Acier,résolu—,conﬁer,Dent de Vitara,faussementaccusè,Lombardie,ÈVE,g—,Lune,Save,ordonn—,Anglaise,rassurez—,Splendide,bourgeoise—,appa—,Venise,séraphins,Mon cher,hypothè—,gouverne—,Les‘Romains,convers—,Montemisselle,de—,nevoulaitpas,Franche,"Saint—
Gothard",se’,unînîâdu,indiscré—,lac de Genève,Gesanciens,Marais,Fl-cle'nÿ,Forcée,ébouriﬁ‘ante,Eugénie,Prodi—,menu—,sion,Arraiolos,attein—,.-—.,cé;tteconformiléde,Caroline,".-_-.,-",rappe—,Assis,justicehumaine,Wat—,Italiens,Vilardwetæ,Maman,Par—,La Roche Hugon,Lorette,Rupt,Téniers,Vanden‘sse,Seine,Crois,Italien,Vaudois,ﬁ.;m,Filet,qu’,"A BELGICA‘I‘E,— Lac Majeur",loi connu—,Con—,Enfonce,engag—,crea—,gracieuse—,proﬁperdu,Etat,Vandenessse,voyageà_et,exil—,pasÿune,fécon—,éclairerai,occa—,co‘ner—,Magistrature,Europe,vien—,Le Grâçe,Madre,laïf,Vierge,"Soulas,_voilà",chef—,Allemand,Céciles,Moutonsdans,cesablim,Théâtre,rue du Rocher,Briinnen,inaperçjours—,Italiennes,Couture,Chalon court,prome—,BeSañçpﬁ.,parc—,grandrenfort,leurs‘plis raides,Parismonsieur,com—-,el,s’,ﬁaüce,complai—,sous—,hôtel de Rupt,Lovelace,voulusavoir le verlain,litalie,la Comté,Soleil,solen—,nimes,Lejeune,certesépou—,consul—,Rangés,Chavonrourt,la France,Saint—Lazare,Armagnac,milan,Gra',Schmulce,mani—,Grav‘goncourt,cena,Iiasses,"sage,—",fripoh,de Belgique,Ait,Amédée,ﬁacre,aÎèÊÊËËÎÏË,Magdeleine,A la manière‘dont,J’,ader—,ses_puissanceès,Sàvarus,Clermont,"vieux
Saxe",ac—,Pouvoir,endor—,‘Voici,éner—,Ursiui,Flo—,vi.—,Hollande,Blendet,ﬁnesse,Clermont—Mont—Saint—Jean,Eden,An-aise,Rouxey,chat—-,involontaire—,italie,Van-—,négli—,.11a,réel—,mainte—,Sainte—Hélène,Mu,france,atta—,condit—,remar—,Florine,hôtel de,persis—,Italienne,ja—,de—s lierres,de Saxe,brandon,excr,plein—,produit—,indien—,excel—,destin—,Brabant,nève,Laisse,hâiiéhs,"petit—

 

tes",—- JérAme,Tude,Eiceys,ignor—,Toulouse,situ—,Parisiennes,Supporte‘s,Rhétoré,bieﬂ‘gagnée,promè—,than,T_1tet,Francesca'“d1cemment,tance,Lac Majeur,Chavohcourt,super—,dépen—,Enﬁn‘je,p,régu—,le Pont-Neuf,Voulu,trou—,Grande-Chartreuse,point-Florine,é1=,rendez—,tror_s,Tiens,Espagne,Paradis,Chavoneourt,exon—,cmgen,déjeu—,four—,Ar0ier,Bugey,.,Accourus,50—,souleVer,terre des Rouxey,l*‘donne,Sidonie,élec—,visi—,Préfecture,"inci—
sinc",les esté—,cloî—,repr—,l830,raccom—,indiffé—,sensles.jam—.,tignac,l‘Ile,pers—,Gramont,simple—,La voilureï,Saint—Jean,Beaut‘remont,la cathé—,prin—,Belgrade,aus-—,Cimarosa,omen_t,Rasttgnec,Milan,Genève,ﬁnAthan,Croissant,-,Charme-i.,empê—,n—,croyait—,Saintes—Céciles,"lac
’",Escard,Qu‘est,pantou—,trahi—,Ne—,Bisonlins,préliminai—,plai—,ram,Strasbourg,Serais,d’,pein—,Champelé,Dauphine,Communal,mater—,bagdad,meil—,drame—,"parisien,,le",tour—,hôtel de Rupt-,hais—,Laure,Moyen-,Saint des Saints—Il,prend—,l’Est,Départemental,plan—,marco,ambassa—,ca,Philo-,Théâtre à la Chambre,Lelmobilier,délicate—,su‘sume,Salins,jouis—,Revue,fensive,de France,comme—,Elschoet,occupa—,Eve,commis—,Juan,Utrecht,hôtel du Marais,désagréa—,n‘es,ﬁde’,Mulhouse,Bbdolphd,du Japon,Vande—,Piémont,conﬁance,impos—,entre—,se;démène,domi—,Où prendras-tu,Théâtre n’,Nleorivez,lç,avoi—,canton de Lucerne,denxpios,auberge du Gy@gne,cathé—,troiSmois,àRaoul,aisne,Rodol-,- -.-,Dudley,néces—,.devient‘s,russie,tourment—,"maison,-je",s’entr’,Champagne,bir,"visi—
u le,.gilbert",cohé—,con—.,esca—,Venu,etïl—,Champs—Haüsséæ,Chaulieu,its,Walt,Cérès,Sûre,Varèse,cham—,Savarus,Songez,déraison—,France,Euphrasie,broda,Sein,"ti—
mide",Na—,Couchée,emmen—,Théâtre àla Chambre,Italie,demploi—,plaideé,L’AMBITIEUX,Lucerne,A,"BoulaY-

.",Pictète,consi—,Tes,Enﬁd,Modifier,appr—,contre—sens,Fantaisie,Charité s’,VlMERGATI,Faune,A uoivsrupn îMOnË pu naNçEY,conqu—,m’,el&serguei,Oimèl,Grand—livre,Théâtre—Français,lais—,Célébrité,peut—,italien—,Ghavoncourt,—- Allons,BOLOGNINI,Trîvoulez,Quatre—Can—,s1ècu,Saxe,Providence,Garceneault,Florence,haki—2—,tié douce,Champmeslé,J,Chavouoburt,Marie—Eugénie,Dijon,col-—,l’observ—
1,de Versailles,I‘illet,Vetterille,museum de Accueille,Wattevilleimagina,Juillet,Versailles,Vieilles,"elle,.elle",Tillet,Ville,Réveillon,l?eruellentahhé de Gravure,elle—,Mesdemoiselles,Marseille,Vaudille,la Ville,deWatteville,Est—elle,ellefeul,Waüville,Vieille,Walteville,"s’ha—
billet",m‘ternelle,Accueille,treiill’sauvæ.-,"rue
de Grenelle",comtesse de Granville,brillàiÎt,Gentillet,Villa-Diodeti,Vill,Watteville,Granville,Tillet s’,"comtesse de
Granville",Granvelle,la Nouvelle,—elle,Graville,Nouvelle,Hôtel—de Ville,neville,Vaucelles,"dans_,lesquellesgdevait",Villa-l)îodal,Merveille,Salle,Wàtteville,maison Watteville,Famille,molle—,Nouvelles,Telle,Vauchelles,Êstillô‘n,Merveilles,Wattevillc,,,,,,,,,,,,,,,,,,,,,,,,,,,,,,,,,,,,,,,,,,,,,,,,,,,,,,,,,,,,,,,,,,,,,,,,,,,,,,,,,,,,,,,,,,,,,,,,,,,,,,,,,,,,,,,,,,,,,,,,,,,,,,,,,,,,,,,,,,,,,,,,,,,,,,,,,,,,,,,,,,,,,,,,,,,,,,,,,,,,,,,,,,,,,,,,,,,,,,,,,,,,,,,,,,,,,,,,,,,,,,,,,,,,,,,,,,,,,,,,,,,,,,,,,,,,,,,,,,,,,,,,,,,,,,,,,,,,,,,,,,,,,,,,,,,,,,,,,,,,,,,,,,,,,,,,,,,,,,,,,,,,,,,,,,,,,,,,,,,,,,,,,,,,,,,,,,,,,,,,,,,,,,,,,,,,,,,,,,,,,,,,,,,,,,,,,,,,,,,,,,,,,,,,,,,,,,,,,,,,,,,,,,,,,,,,,,,,,,,,,,,,,,,,,,,,,,,,,,,,,,,,,,,,,,,,,,,,,,,,,,,,,,,,,,,,,,,,,,,,,,,,,,,,,,,,,,,,,,,,,,,,,,,,,,,,,,,,,,,,,,,,,,,,,,,,,,,,,,,,,,,,,,,,,,,,,,,,,,,,,,,,,,,,,,,,,,,,,,,,,,,,,,,,,,,,,,,,,,,,,,,,,,,,,,,,,,,,,,,,,,,,,,,,,,,,,,,,,,,,,,,,,,,,,,,,,,,,,,,,,,,,,,,,,,,,,,,,,,,,,,,,,,,,,,,,,,,,,,,,,,,,,,,,,,,,,,,,,,,,,,,,,,,,,,,,,,,,,,,,,,,,,,,,,,,,,,,,,,,,,,,,,,,,,,,,,,,,,,,,,,,,,,,,,,,,,,,,,,,,,,,,,,,,,,,,,,,,,,,,,,,,,,,,,,,,,,,,,,,,,,,,,,,,,,,,,,,,,,,,,,,,,,,,,,,,,,,,,,,,,,,,,,,,,,,,,,,,,,,,,,,,,,,,,,,,,,,,,,,,,,,,,,,,,,,,,,,,,,,,,,,,,,,,,,,,,,,,,,,,,,,,,,,,,,,,,,,,,,,,,,,,,,,,,,,,,,,,,,,,,,,,,,,,,,,,,,,,,,,,,,,,,,,,,,,,,,,,,,,,,,,,,,,,,,,,,,,,,,,,,,,,,,,,,,,,,,,,,,,,,,,,,,,,,,,,,,,,,,,,,,,,,,,,,,,,,,,,,,,,,,,,,,,,,,,,,,,,,,,,,,,,,,,,,,,,,,,,,,,,,,,,,,,,,,,,,,,,,,,,,,,,,,,,,,,,,,,,,,,,,,,,,,,,,,,,,,,,,,,,,,,,,,,,,,,,,,,,,,,,,,,,,,,,,,,,,,,,,,,,,,,,,,,,,,,,,,,,,,,,,,,,,,,,
