text,cluster,cluster_corrected
d'alvaro,-1,
Gnalo,-1,
"Snr
Ilegedor",-1,
Lisboa-e,-1,
E8,-1,
valle co,-1,
"de-
lha",-1,
g)aa,-1,
Iranguinha,-1,
Maldito,-1,
"est
de d",-1,
Can-,-1,
aspeto,-1,
alteulnd,-1,
Jantar,-1,
Ilrcileiro,-1,
Almas,-1,
Collegas,-1,
Ins,-1,
"Raro-
N'-que",-1,
tratira,-1,
magnolia,-1,
Socega,-1,
Alemtejo,-1,
tas da calva,-1,
Sino de anlua,-1,
Marquez,-1,
Hussia,-1,
lusidia,-1,
Barro,-1,
Proprios Nacionaes,-1,
Algarve,-1,
Rei de Portugal,-1,
"Nosso Se-
hor",-1,
Santa Ireneial,-1,
submiss,-1,
Poeueto do tia Quartel,-1,
"MIL.I.ISTO CA HE AMIGOS
5",-1,
Rico Homem,-1,
pequchiha,-1,
Cintra,-1,
Entao Goncalo,-1,
gal,-1,
prometteu,-1,
rio l,-1,
lapide,-1,
Meia,-1,
Ol,-1,
Aturar,-1,
mesa0,-1,
"banco de
pedra",-1,
"Tam-
cem j ha",-1,
l'Atraz,-1,
Villalubs,-1,
Nascera,-1,
Desejo,-1,
cabo do renque d'alamos,-1,
u Cata,-1,
Ilegeneradores,-1,
tntcndra,-1,
Pintainho,-1,
Temerosa,-1,
PArtido-,-1,
Gongcalo Mendes,-1,
Nau,-1,
"N'e-
sas semanas de",-1,
Inais,-1,
Fraqueza,-1,
lio-Manso,-1,
i Portolla,-1,
Divino,-1,
Vcneza,-1,
"tel
tant0 pertdoara",-1,
Comendador Rocio RBaros,-1,
ribeira do Doce,-1,
Joaquim da Porta,-1,
IRYMIlIEi,-1,
cautella,-1,
VILLA CaSA DE MAIS,-1,
-Ag0r,-1,
Palacio,-1,
Santa-gloria,-1,
Mirante-o,-1,
homcn1,-1,
harpcjos,-1,
Nacional,-1,
Alegrias Fiaccns,-1,
sao insensieis,-1,
S. lento,-1,
Calleiro,-1,
"murm-
rou",-1,
"Pe-
beira amigo':",-1,
Invejas,-1,
Contiuu,-1,
Rei popular,-1,
Minas,-1,
Thessalonica,-1,
Iamires,-1,
Sol,-1,
paterna,-1,
ILourengeo-em,-1,
"MAnoel
Duarte",-1,
i,-1,
Slarem,-1,
damasco,-1,
Achas,-1,
Folhetim,-1,
ti-,-1,
Pena,-1,
Manso,-1,
Santa Maria de Crauede,-1,
Governador Civil Mas,-1,
F Agonia,-1,
crescendo0,-1,
Zamora,-1,
Policia,-1,
bua semeadura,-1,
Torre cra ois,-1,
Ina,-1,
vindima,-1,
Arcada,-1,
Nove-,-1,
C CUIIS0rVava,-1,
d'essa rua de Bayio,-1,
Commo-,-1,
legua de poss,-1,
Nascente,-1,
fcrvuru picante,-1,
benta i sahida,-1,
"valle
da lisa",-1,
Iaiorissimo,-1,
Palha,-1,
O0,-1,
min,-1,
Mlanelsinho,-1,
"nio ha sulti-
Ileas",-1,
n'um gesto d,-1,
Grande Ainda,-1,
metteu,-1,
Claro-Sol,-1,
Iulito,-1,
mart,-1,
Recolheu,-1,
pac,-1,
"tamhem
mendo",-1,
Cortejo,-1,
Negocios,-1,
Fazes,-1,
InDigna,-1,
"LILLI
moniz",-1,
Arrancou,-1,
Visconde do Rio-MAnso,-1,
S. Fulgeneio,-1,
pa,-1,
iria.-,-1,
Torre de I. Rtires,-1,
ripiado,-1,
"Fidalgo
la Torre",-1,
Concha,-1,
Fita,-1,
Ie,-1,
collegio de S. it,-1,
Torre de l. Hamiresns,-1,
converS1I,-1,
Ihraganeas,-1,
Enxarez,-1,
Bica-Sua,-1,
II.III,-1,
Nacojas,-1,
Quarto-nu,-1,
Mloahitas,-1,
Y J.I.T,-1,
"Torre
cra",-1,
Montava,-1,
Ponto Nio,-1,
"IRRIS
E",-1,
Craqutde,-1,
polnar,-1,
aldca,-1,
Villa,-1,
Vilhena,-1,
52E,-1,
l-,-1,
Til,-1,
"buchechudo
bar6o",-1,
k coto General,-1,
bom narr)lo,-1,
Ina V0tudo,-1,
Com1,-1,
la-Clara,-1,
Sonhorio,-1,
Amninistracio,-1,
Encostou,-1,
Novas le Tulos,-1,
ILI.STIA,-1,
botica,-1,
Nimes,-1,
Lindo,-1,
"a
Calcanhar",-1,
Fnlgeneiao,-1,
bom Jogo da,-1,
hule,-1,
Cent0-,-1,
"Ie-
gcucradores",-1,
adeanta,-1,
msyo,-1,
Jogo Gouveia,-1,
Iacatent,-1,
Precisamente,-1,
Natal o Cavalleiro,-1,
Pae,-1,
1r,-1,
ste escadaria,-1,
Costa ue,-1,
Senhoria,-1,
Justica,-1,
Civil,-1,
"Baroneza
das Margens",-1,
largueza dos campos,-1,
Torto,-1,
Grata,-1,
Delirio,-1,
Dynastias,-1,
Correio,-1,
DIVIS,-1,
Inagarefes,-1,
Rachel,-1,
"Mosteiro d
ltecadies",-1,
"Ca-
cavalleiro",-1,
"Meninos
General",-1,
T,-1,
ahhos,-1,
Santa lIvre-,-1,
Anica,-1,
orangal,-1,
varzea,-1,
Nao,-1,
"Iicgcne-
adores",-1,
"1F
d'ahi n'uma ba",-1,
Litteratura,-1,
Irmio,-1,
Taholliao,-1,
sil juizo,-1,
hordu,-1,
"Ie-
generadores realisassem",-1,
esguio,-1,
vivem I'ella,-1,
ste saira,-1,
"Mendes
Hamires",-1,
Pulo,-1,
d'essa,-1,
Torras,-1,
a6,-1,
I.cruzadas,-1,
volveu:- Oh,-1,
convento de S. Domingos,-1,
"llorzihal
t0",-1,
Concelho,-1,
Cunha,-1,
salto i,-1,
Creio,-1,
apeggado,-1,
Joaquim da Porta noticias dos senhores,-1,
cha-,-1,
snras,-1,
Novilles,-1,
Mindello,-1,
Louren,-1,
"Sa-
belo",-1,
Cnhaes,-1,
Hotel,-1,
rua d rinceza l. nela ati,-1,
"gruio das
suistsas louras",-1,
Cil,-1,
lortugalsiuho,-1,
Forte,-1,
Concelho affirmo,-1,
como6r  lisboa,-1,
Castello de hal Irenei,-1,
Mafoma,-1,
abeirou da Arcada,-1,
Cemiterio,-1,
Cala-Pela,-1,
Pedrosa,-1,
taberna,-1,
Ilosa,-1,
U ne Tico,-1,
palradora con-,-1,
Paulitieal,-1,
Torre aos Domingos,-1,
Cobria,-1,
Ate,-1,
Tens,-1,
Espa-,-1,
cabo d'osso do guarda-sol,-1,
Ilrayaes,-1,
Iutos,-1,
Meia-idade,-1,
Velhos,-1,
Assembl,-1,
Palacete,-1,
Effectivamente o Custo,-1,
Iolgadamente,-1,
Cerqueira,-1,
Troia,-1,
IILItSI,-1,
"Entro Garcia
Viegas",-1,
Matar,-1,
Ilorete,-1,
lmperatriz,-1,
ILLISTI CASA,-1,
Post-Serviu,-1,
valle,-1,
restauradu,-1,
Vibra,-1,
Nuronha,-1,
Louzadasl,-1,
"Fidalga da
Torre",-1,
"de-
cristo",-1,
nio alludamos,-1,
Rocha,-1,
Vidainhos,-1,
Concilio de Toledo,-1,
Monsieur,-1,
Alento,-1,
"valle
de Crauede",-1,
Sucesso,-1,
annaes da l,-1,
"IAIES
elle",-1,
tr senhor,-1,
elvira,-1,
legua,-1,
l0,-1,
eglonalista,-1,
Mendes,-1,
tra,-1,
phaeton,-1,
Diga,-1,
Moura,-1,
Nio Goneal,-1,
Poemelo,-1,
Iargu,-1,
d'onde,-1,
ceremonia,-1,
tos francos,-1,
Coronel,-1,
Videiral Toca,-1,
legoas,-1,
l1)e-,-1,
ava a velhissima historia da castello,-1,
lumbeetm,-1,
bom it,-1,
Obriga-,-1,
la Torre,-1,
Urgencia,-1,
Franga,-1,
scut,-1,
varanda po ora nio est,-1,
Amor- gEneral,-1,
"Casal do
Miranda",-1,
Affonsinasl,-1,
Fidalgo da orro,-1,
alcunha5,-1,
Victoria,-1,
Santu Direita,-1,
Mo du ndre,-1,
"da
Caladinha",-1,
Cruz das Almas,-1,
dom Sei,-1,
Mosteiro de Risadas,-1,
elle nilo,-1,
Leoneses,-1,
higodeira negra,-1,
branca0,-1,
Rico-,-1,
Tremidos,-1,
"lages do
pateo",-1,
Ribeira,-1,
ladeira de S. vento,-1,
Pccecador,-1,
Santa Revela,-1,
Gazeta,-1,
Oracinha,-1,
Sala-o,-1,
Iravissimo,-1,
"tdeunl
ios",-1,
N5o,-1,
pos-,-1,
Enleio,-1,
Africa-,-1,
salpicassem,-1,
ILLLTIE CASA,-1,
Nagarosas,-1,
cannaviaes,-1,
Aga-,-1,
"rio
Lado",-1,
cstantosinha,-1,
Tende,-1,
Cruz,-1,
Louca-,-1,
Inc,-1,
Cheg-,-1,
rabear,-1,
"ponte2
Vint",-1,
mis ahi,-1,
moyeu,-1,
Alferes-MI6r,-1,
"MIas
General",-1,
sinha,-1,
"langgr dos seus olhos humidos
amullecia coraes",-1,
Maneiras,-1,
ILoueneo Mendes Milhares,-1,
desgra,-1,
Gra,-1,
suflocava,-1,
ce,-1,
luva,-1,
Alalou,-1,
Caiadas,-1,
l.dourada,-1,
Sobras,-1,
"varanda nem-
ravel",-1,
serio,-1,
"Governador Ci-
il",-1,
d'arvores,-1,
"sa-
cudindo",-1,
"pa-
velha do",-1,
Tumulo,-1,
"Torre alvar-
ran",-1,
Trez,-1,
Panos,-1,
mettc,-1,
INFAME3,-1,
Ing,-1,
castello de Santa-gloria,-1,
Nunen,-1,
Si-,-1,
Leanlro  Bello,-1,
"nOITES
b",-1,
olhava1,-1,
IL0g0,-1,
Craqucde,-1,
Rhetorica,-1,
Ils,-1,
Mithologgia,-1,
Rio te Janeiro,-1,
Vigario Geral,-1,
Pateo,-1,
Santa urgencia,-1,
"Santa MIa-
ria da Tarde",-1,
Santa-Direita,-1,
convento de Santa thereza,-1,
i barreira,-1,
dynastia d'Aviz,-1,
solurnu,-1,
palvarinhos,-1,
sobrecnsa,-1,
adeus%,-1,
diran,-1,
"a-
santa",-1,
d'alpaea,-1,
"Villa-Clara
de noite",-1,
Treixelol,-1,
esialludo daquelle,-1,
i varanda,-1,
Nacionaes,-1,
Meninas,-1,
Numero,-1,
Im,-1,
cova negra,-1,
Teixeira de Carredes,-1,
portinha verde,-1,
Castanhtei-,-1,
Yoceecte,-1,
"novecentoste
cincoenta",-1,
Velho...,-1,
atrever1,-1,
"ca-
minho",-1,
Jos,-1,
Torres,-1,
Leit,-1,
Assembl da Villa,-1,
Aleagova,-1,
Fidalguia,-1,
Egre-,-1,
Cracinha,-1,
Chiche,-1,
Remorsos bracos d'olln,-1,
mascula,-1,
iaees do Fidalgo,-1,
Praga,-1,
Miranda,-1,
N'ellas,-1,
camape,-1,
tamhem,-1,
esponda,-1,
Almodovr,-1,
Ns,-1,
Coragem,-1,
Va,-1,
lgrejinha,-1,
sanches,-1,
Torre o velho Truclesindo,-1,
Chronica,-1,
IILILETIE CASA D IIAMIIIS,-1,
Cheles,-1,
collo da mae,-1,
bebedo,-1,
"hrda
da",-1,
Alem-gloria,-1,
scanario l Guiaraios,-1,
eIn,-1,
ha-de,-1,
Flandres,-1,
IIYMIRH,-1,
solemhidade,-1,
apenas0,-1,
Videira,-1,
Vidros,-1,
bella mulher,-1,
"m pas-
sadico dc traves",-1,
"Villa-
Clara",-1,
TEndes,-1,
Landim,-1,
boa nova de prestes soccorros,-1,
Villa Clara,-1,
Inagnilicos,-1,
Terreiro,-1,
coa,-1,
Sohre,-1,
Modo Mirante,-1,
rua das Velhas de um Policia,-1,
Mendo de SObreiros,-1,
Charneca,-1,
d'Aellim,-1,
Ilha,-1,
puz,-1,
ponte2,-1,
Tempos,-1,
ViLla-Velhas,-1,
Cortes,-1,
chamma alta da vela,-1,
Ramiros,-1,
lEm-,-1,
Santa Repetiu,-1,
"Marques
Rosendo",-1,
ara,-1,
bulha co,-1,
ncio Ramires,-1,
Santa-energia,-1,
"Oliveira
Goncalo",-1,
Terreiro-sobe,-1,
Santu,-1,
monte c valle,-1,
Chatarizo,-1,
Cunhaes,-1,
l'Oliveira,-1,
Al Ainda,-1,
Castello de Santa Prendia,-1,
rbaro,-1,
Toma,-1,
Chcete,-1,
rua das Velhas,-1,
Novas de Tolosa,-1,
estreito dc Canta-Pedra,-1,
S.,-1,
Barrolo,-1,
soltar?-F,-1,
lenol,-1,
recuavan,-1,
Belleza,-1,
boeirinha,-1,
rua das portas,-1,
Manches,-1,
feljoal,-1,
len,-1,
i Torno,-1,
"Nove-
la",-1,
ceu alto,-1,
Corin-,-1,
pequen0s,-1,
Remarigcs,-1,
sulrecasac nova,-1,
toriquete,-1,
Escrita,-1,
"eagoar om V. LHe,1 gRupos-",-1,
RAMIES,-1,
Coitado,-1,
suspendia,-1,
ma Africa,-1,
D,-1,
CCrlptlsas,-1,
Des,-1,
Incerto,-1,
uipproxime,-1,
Corte,-1,
abalo,-1,
vczeiro,-1,
Us-,-1,
Alem-,-1,
luzia,-1,
banco0,-1,
Rio,-1,
len da cadeia,-1,
Orgulho,-1,
assumpto,-1,
cahe,-1,
VAi-,-1,
Peso das Velhas,-1,
"pedra do jardim
debaixo",-1,
"ma revoa-
da de perdizes",-1,
Palha-Ca,-1,
El-rei,-1,
ent branca,-1,
Cadeia,-1,
Gutierres,-1,
torre do S. Matheus,-1,
a4pa-,-1,
Montcmor,-1,
sos,-1,
sarmento,-1,
Governo Civil,-1,
cora0 azul,-1,
Ir-,-1,
d'Ullma,-1,
Templosinho du Amor,-1,
llosa,-1,
Comprida,-1,
"Seira
I168",-1,
Vae,-1,
Obra pArte,-1,
Hspantos,-1,
Cachamita,-1,
Ieonel,-1,
toira,-1,
"Villa-elle dentro-
te do",-1,
pcoes,-1,
i Africa,-1,
Almeida,-1,
Nem,-1,
Lisboa...,-1,
Escada,-1,
"tratira or  me-
nlino",-1,
Pereira da Rosa,-1,
bom rcndeiro,-1,
Administrador,-1,
Cellas l ull,-1,
contendo:-,-1,
paro,-1,
Filha,-1,
"xplicaehio d
Iniyersu",-1,
Rio Gouvela,-1,
Anostols,-1,
Margens,-1,
relogio-de-Sol,-1,
Succedeu,-1,
Menezes,-1,
"cancelle
do",-1,
RIIES,-1,
Leio,-1,
Sis,-1,
ore do jardim,-1,
Scvcrosa,-1,
conversando0,-1,
Aministrador do Concelho,-1,
pa elle,-1,
Loleria,-1,
balburdia,-1,
Bento,-1,
Manoelsinho,-1,
murle d'hoje,-1,
Torre ma fallada maravilha de cora,-1,
"T tens ci
agua",-1,
BRITES,-1,
Junho,-1,
espetam0,-1,
i Villa,-1,
seI,-1,
Governador Civil du listriceta,-1,
Templo,-1,
II.STRECH,-1,
Sala,-1,
lamina d'estanho,-1,
ut vozeria,-1,
Vill-Clara,-1,
Nosso,-1,
dc,-1,
Gongealo,-1,
Alvares,-1,
Cter,-1,
"Glacial Mlecles
Iamires",-1,
Cinto,-1,
reeoniliaeio,-1,
goa,-1,
r-,-1,
Ribeirinha,-1,
Capilulos,-1,
Lebres,-1,
Pola,-1,
Hoste Rculo,-1,
"Portugu-
est Negociariam",-1,
inleressnd,-1,
eomo,-1,
rouba,-1,
Goueia,-1,
castello bens-,-1,
Martim,-1,
"alto cu-
heeit",-1,
revelacbcs,-1,
Baluarte-Velho,-1,
Graeinha,-1,
bom Padre Sueiro,-1,
IUosa,-1,
Rosina,-1,
pujan,-1,
clno,-1,
casal lE,-1,
"pas-
ses semanas",-1,
ste par-,-1,
Crisola,-1,
cotecava:-flor ci,-1,
Grande,-1,
MIoeambique,-1,
Eleiciol,-1,
Leves,-1,
grduch,-1,
Tructesino,-1,
Cale-,-1,
lEmbra,-1,
Troixedo,-1,
Iitol,-1,
Ca,-1,
teaduearam,-1,
colpadre,-1,
Joaio Gouveia,-1,
Norunhu,-1,
Iolle,-1,
torre albarra,-1,
adresinho desbotalo,-1,
MIL1.T CA  RWIIER,-1,
Ptgas,-1,
Iovrhgec,-1,
Mlontemor,-1,
Collocar,-1,
Tcso,-1,
Franja,-1,
felicidade,-1,
embrulhado,-1,
estrada ma,-1,
Joia,-1,
lnveneao,-1,
braz,-1,
Montemor,-1,
Cister,-1,
barrocaes,-1,
Castello de Peronnc,-1,
Tecedciras,-1,
.-o Casco,-1,
Pretas,-1,
Iharmacia,-1,
Intelligencia,-1,
0O Pereira,-1,
casa da senhora sua mana,-1,
peonage,-1,
fugisso,-1,
tao,-1,
merc do Estado,-1,
preguicavatn,-1,
eia,-1,
Arreda,-1,
d'm,-1,
Severim,-1,
pallido,-1,
IIMIIIH,-1,
"Portolla ai
TOrre",-1,
Pereira Brazileiro,-1,
Bocca,-1,
Goneal,-1,
cabo d'aclarar da sombrinha,-1,
Craque-,-1,
Bayio,-1,
l'ego,-1,
pens0,-1,
"riacho das
lonas",-1,
Mlathilds,-1,
aco,-1,
Obras Publicas,-1,
Mundo,-1,
"ma
ncia vidrada",-1,
Interveio Publica,-1,
HWIIIE,-1,
Justiga,-1,
guardasolinho,-1,
Africa degredadol Jesus,-1,
terraco do jardim,-1,
uuio,-1,
Tructesindo,-1,
lusco fusco,-1,
dc Lisboa,-1,
Palacete dos fidalguissimos HBarrlos,-1,
Tencionamos,-1,
"rua das
Teeedeiras",-1,
"quasi consenti-
manoel",-1,
Tamhcm,-1,
Alferes,-1,
catape,-1,
Casa dos Chzes,-1,
Tambem,-1,
cnsageira,-1,
vae elle,-1,
CiVIL.III A D III,-1,
"IAMIIIES
General Mendes lamires",-1,
Iecesvinto,-1,
dEputado,-1,
atravez da noile,-1,
InfInd,-1,
Tecidos,-1,
Oracas,-1,
"IRRIS
po",-1,
"ro-
dedo",-1,
Ainistralor,-1,
barrigrudo,-1,
lua,-1,
Caminha,-1,
urre,-1,
d'estanho,-1,
BAnD0,-1,
Casa illustre,-1,
rascuthar,-1,
ultajaa,-1,
Panos de Severim,-1,
Maricas,-1,
magro0,-1,
Jornal,-1,
Positivamente,-1,
tradici,-1,
Ridiculo,-1,
eSta,-1,
IAMIIYS,-1,
Novas,-1,
ILAWIIIINS,-1,
Festa...,-1,
lherzinha,-1,
N'Esse ing,-1,
Conforto,-1,
Chafariz,-1,
deixal,-1,
l1 Torre,-1,
meads,-1,
Expediao dos Pardais,-1,
Santa Inteira,-1,
Inimigo,-1,
valiaosa,-1,
"ale-
gloria",-1,
formara,-1,
csfurucando,-1,
Jogo Brando do Midos,-1,
Carro,-1,
Longo,-1,
"Tam-
hem",-1,
IYMIIBES,-1,
Tretesinio,-1,
chi verde,-1,
Livraria,-1,
"loi 
tica",-1,
sc eh0Passo,-1,
Paris,-1,
Alcan,-1,
Rei,-1,
distrahidas:- h.,-1,
Barrilo,-1,
neeessitandu,-1,
Cavalleiros de Santa Direita,-1,
Caminho,-1,
desolagio,-1,
Arco-,-1,
tos do Patriotismo,-1,
Obrigado,-1,
Firmava,-1,
Iagri-,-1,
barranto,-1,
emilia,-1,
aa Arclivo,-1,
b-,-1,
abrazaa,-1,
"Linho
mantinhamn castello",-1,
Vida-na,-1,
Perto,-1,
Iiosa,-1,
caVa,-1,
Craquede,-1,
ba varanda,-1,
bra0s,-1,
Falar,-1,
Torre iratada,-1,
ale,-1,
omhebid,-1,
"Quarto-nu
j nio refervia",-1,
at alli1,-1,
Lousadas,-1,
Villa-Folhas,-1,
Lento,-1,
Nis,-1,
"F
Villa",-1,
Inurmuradas,-1,
Inanchava,-1,
palma0,-1,
sintra,-1,
kFra,-1,
"Santa lIvre-
ncia",-1,
Honra de Parede,-1,
Ios-,-1,
Rosa,-1,
Archivo da Casa,-1,
hlss,-1,
Gallo,-1,
entlilnenlt0,-1,
Chega,-1,
Conselheiro,-1,
Eleiciol Pois,-1,
Gongcalo,-1,
"como6r  lisboa
ce moderno",-1,
Santa Direita Iielmente,-1,
Ponte...,-1,
Balsas,-1,
i Torre,-1,
Iicgcne-,-1,
Rel de Fraca,-1,
rela,-1,
l,-1,
Con-,-1,
nuca,-1,
MInistro-aeeeitando co,-1,
Vidrinhos,-1,
Ideia,-1,
"ra-
pina",-1,
Fl-ei,-1,
Torre de I. Hamires,-1,
Correu,-1,
"An-
de Cavalleiro",-1,
ste au pequena ahi est,-1,
Madre,-1,
"lisboa
llces",-1,
Ngulo,-1,
W'inchester,-1,
oxal,-1,
comiatmn,-1,
Monte,-1,
tRago,-1,
Sito Partidas,-1,
Coronel Tiranos,-1,
Eleito,-1,
colches,-1,
Louvado,-1,
Serras,-1,
earamba,-1,
Largo do Chalariz,-1,
quando0,-1,
Abre i Torre,-1,
n'ult,-1,
Scena,-1,
Embate,-1,
IILLLSTIE CASA D DIMENS,-1,
Quaes,-1,
Sr,-1,
Cognae,-1,
Calcanhar,-1,
Ponto,-1,
Tejo,-1,
Idiota,-1,
piponice,-1,
Barrole,-1,
Aiionsinos,-1,
lle,-1,
perc,-1,
av de carlos,-1,
Caminho de Ferro,-1,
sobesahir,-1,
d'alliana,-1,
vagaroso0,-1,
Solid,-1,
Collares,-1,
Uni-,-1,
vincia,-1,
d'omle,-1,
Yieirinha,-1,
rua das Vendas,-1,
latejado,-1,
Assem-,-1,
1N,-1,
Waltor,-1,
consontia,-1,
vieira granada,-1,
torre da Cara,-1,
acredito n'esses,-1,
Scrpftu-,-1,
gales,-1,
"nio
s6",-1,
veis0,-1,
"to se-
gu0",-1,
ma milha,-1,
pudicicia,-1,
penedia,-1,
V0s0s,-1,
Sabes,-1,
Casco emtudecera,-1,
Santa Maria de aquelle,-1,
"Pinhal
de Estoevinha",-1,
Fnvelheeeram,-1,
sas d'Amarante,-1,
Funda,-1,
ILLIIH LAS1 ID IIAMIIIE,-1,
N'esse,-1,
Ilamnejou,-1,
II.LLSIIIE,-1,
Formatura,-1,
lamina clara da adega,-1,
almenira,-1,
arraial seguro,-1,
Iodosas,-1,
Simples,-1,
SC Io,-1,
Y. E,-1,
Carecter,-1,
Alcova,-1,
Iructasindo,-1,
Canta-l'era,-1,
sos  sim;os eslimabilissimos,-1,
Iahoriosanwnte,-1,
i janella,-1,
"Torre de 1D. Filha-
est",-1,
inlerpelland,-1,
immenso cidad0,-1,
General nio,-1,
Governo Civil-fervera n'elle,-1,
Julieta-,-1,
adrcsilva,-1,
qu,-1,
Affonso,-1,
Andr,-1,
"m
basto",-1,
Mlarte,-1,
cantiga noVa,-1,
Fronteira,-1,
Hiscnia,-1,
Tremenda,-1,
suhissult us S,-1,
Popula,-1,
sahiu,-1,
"Oliven-
ra",-1,
tranquillisar cvocava,-1,
"ma
ca",-1,
Nagarosamontc,-1,
Inasstdos,-1,
Dentro,-1,
Thereza,-1,
"cigarros,-aa",-1,
Terreiro do ao,-1,
boa nova,-1,
"nOITES
I0S",-1,
"z-a-
L-",-1,
cl,-1,
seculo xII,-1,
Affonsina,-1,
Yileircinhal,-1,
Flores,-1,
Certesa,-1,
n'elle,-1,
l'silencio-,-1,
toicinhos,-1,
Norte,-1,
--Oh Snr,-1,
"S. bRanco...
carlos",-1,
Usava,-1,
Saneharia,-1,
sahi,-1,
Sabelor,-1,
voltaris,-1,
macisso,-1,
llamildel,-1,
fratel,-1,
"S.
ulgenciol ue aquelle careea obeso",-1,
"Hnmi-
res",-1,
Tordezello,-1,
Gra-,-1,
Centro,-1,
lamiras,-1,
"i
Toc",-1,
QUe,-1,
pe,-1,
Ilncntld,-1,
Esquadrinhou,-1,
"us chi-
ellas",-1,
n'ess nulo,-1,
pasmava,-1,
Jaraudiu,-1,
caldeira,-1,
Bandeirinha,-1,
S. Miguel,-1,
accrescentava,-1,
Conselheiro Costa Barroso,-1,
janellinha,-1,
0O Yidoirinha.l-Correu alsrocadamente i,-1,
Ceo accusa,-1,
arrefecc,-1,
Sonhaste,-1,
Culos,-1,
S. domingos,-1,
Chafariz...,-1,
"Historia da
ttminisreo 1'feliz e",-1,
"botica
do Pires",-1,
Adas,-1,
"IAIIIH
-Sio Reis",-1,
Linho ...,-1,
surgiain,-1,
Set,-1,
mcxcriquice,-1,
orla t.,-1,
jejltt,-1,
scet,-1,
avalloiru,-1,
Ilereulanos,-1,
Lugar,-1,
Guncalo,-1,
Ande,-1,
Pestana,-1,
atravez d jardim,-1,
banco de pedra,-1,
"copo0-
su",-1,
Goncalio,-1,
viuva,-1,
mattagal,-1,
I1.1 TI,-1,
Jesuita,-1,
presen,-1,
leonor,-1,
imellia,-1,
rio i inunarcehia,-1,
Bravissimo,-1,
soph,-1,
brotuvn,-1,
greda,-1,
Castello de Santa Direita,-1,
cuealtnado,-1,
civilisuaio,-1,
Veia,-1,
Ilurires,-1,
Una manh,-1,
Sim Mas,-1,
RMIlS,-1,
Mos-,-1,
Lusitania,-1,
Melodrama,-1,
Domingo,-1,
requehro,-1,
Cela o Oiro,-1,
gallinha cosida,-1,
collegio,-1,
I,-1,
casaes,-1,
Caso Verde,-1,
I0ss,-1,
tosca1,-1,
Feitor-mor das Alfandegas,-1,
I'portugal,-1,
cearla,-1,
g0,-1,
T16,-1,
"rio
ste",-1,
pu,-1,
Districto,-1,
lago n'essa,-1,
Viemos,-1,
IILILITIE,-1,
improssiono,-1,
contribioes,-1,
sublerraneol,-1,
Arcos,-1,
us confins,-1,
Principes da Christandade,-1,
NUs,-1,
Goncalo Mendes,-1,
Gonalol,-1,
Comedia,-1,
"hom-
ro",-1,
"la-
beira ale",-1,
Fiada,-1,
"Gra
Ila",-1,
Valrerde,-1,
dc carta,-1,
Sair,-1,
esque,-1,
Caladinha,-1,
"Ca
cavalleiro",-1,
Villas,-1,
lle recsistia,-1,
Ar,-1,
Administracao,-1,
plcparadu,-1,
tristeza,-1,
Y0,-1,
Eleitoraes do Circulo,-1,
Estimava,-1,
Crispa,-1,
I)o-,-1,
IncSI10,-1,
mand,-1,
Torre...,-1,
Mosteiro d,-1,
Convento de anta-dIrigida do Oliveira,-1,
Pilta,-1,
Oiro Gouveia,-1,
Melhor,-1,
Iicl,-1,
Zamhczia,-1,
Libertava,-1,
Pregados,-1,
Netos,-1,
"Vo-
tos",-1,
rio dc Goncalo,-1,
Agosto,-1,
gonzos ferrugeuts,-1,
Ias,-1,
Irm-,-1,
Ilres,-1,
venho de Reis,-1,
Brazil,-1,
amhus,-1,
rega0,-1,
Presa,-1,
apelrechar,-1,
ILILISTIE,-1,
Vidcirinha,-1,
Nerenos,-1,
sta nio,-1,
Sr.,-1,
larica,-1,
bigodeira,-1,
chapeo alto,-1,
Joaquim da pArte,-1,
loche azul,-1,
Cura-as,-1,
hervaeal,-1,
Secretario Geral,-1,
Jose Casco,-1,
ci lisboa,-1,
Sino,-1,
iMagines,-1,
Capitulo,-1,
"ti-
mares",-1,
"Cu-
cavalleiro",-1,
"Portugal
Espantado",-1,
valenlias,-1,
collete,-1,
"palmas
lalirantes",-1,
aquella linda,-1,
Esgueirar,-1,
Pessoa,-1,
lapides,-1,
Ve,-1,
"Governador Ci-
vil",-1,
Tartaria,-1,
Ti16,-1,
Graciuha,-1,
Gioneale,-1,
transvira,-1,
Saia Senhor,-1,
Guedes,-1,
cale,-1,
telegapho,-1,
"LIsboa:-Oh
sObrinha",-1,
"Administralon
resutiu",-1,
caevas,-1,
"Jos
lBarrulo",-1,
N'm,-1,
Cotovelo,-1,
"HAMIIIE
de Humilde",-1,
Ri-,-1,
aterrado,-1,
"loja d
panoS",-1,
Gutiertes,-1,
Imnedintaienlle,-1,
Ilanella,-1,
Iute,-1,
Itocados,-1,
cllel,-1,
vianda,-1,
Apezar,-1,
bulicio,-1,
Tructesiutdo,-1,
Bem,-1,
Louredo,-1,
Pereira Mas,-1,
"du
I'ella",-1,
Ilereules,-1,
valIdo,-1,
Seeretario Geral,-1,
1E,-1,
calv0,-1,
"r,,- l",-1,
Guarda,-1,
3E,-1,
Joao Gouvcia,-1,
Mloguncia,-1,
ascorosa aventesma,-1,
Erguidos,-1,
Contudo Porta-,-1,
es solarenggos,-1,
"Torre
rostituida",-1,
om,-1,
av,-1,
immensissima,-1,
Pau-,-1,
Pires,-1,
opprime,-1,
trespassado,-1,
Criados,-1,
incans,-1,
Maio,-1,
fresco valle,-1,
Iructesindo,-1,
Es-,-1,
Livros,-1,
nenhua,-1,
Cilude,-1,
Tecedeiras,-1,
Vendia,-1,
Mlendouea,-1,
Ladeado,-1,
ADMIRAS,-1,
Goncnlo,-1,
Boa piadal,-1,
Villico,-1,
"Pe-
beira brazileiro",-1,
madre Hstevani-,-1,
"Santo-
inho loreuo",-1,
Mmniciro,-1,
Poemneto,-1,
Monarchia,-1,
pre affavel,-1,
Furia,-1,
Vicente,-1,
pArto,-1,
Ia-,-1,
tonealinho,-1,
Futuro,-1,
d'elle,-1,
insignia,-1,
Curhaes,-1,
"Pintar-
nho enfiado",-1,
Barriolo,-1,
lEra,-1,
cosinha,-1,
l.arg,-1,
tufava,-1,
uarmaraln,-1,
esper0,-1,
Brancos,-1,
boa velha,-1,
"k nio sc
tcnselava",-1,
lages do Largo,-1,
mosteiro d'or,-1,
Ias-,-1,
"grande
belleza",-1,
N.,-1,
I(6,-1,
Iicillima Torre,-1,
Pois,-1,
Trtesinho,-1,
igreja de S. Ma-,-1,
Sofo,-1,
Freitas,-1,
Tenho,-1,
vergel,-1,
Garcia,-1,
"bot-
ca c1",-1,
Gracimha,-1,
Sul,-1,
Iructczindo Iamircs,-1,
lachequc,-1,
toa-,-1,
pequerrueha tao,-1,
MIss,-1,
Jardim,-1,
d italia,-1,
rescendia,-1,
Belo,-1,
i Nio,-1,
l. Garcia,-1,
desgragal,-1,
Setembro,-1,
Agonia,-1,
Fic-,-1,
"Conselhos do
Banco Ilypotluecario:-e",-1,
"Vontade hem
exorcida",-1,
Caso,-1,
ay Resto-,-1,
sangue,-1,
Irris,-1,
Imin,-1,
Cundidato,-1,
Antigo Tructesindo,-1,
kleicao,-1,
attrahem,-1,
Porque portugal,-1,
llarrlo,-1,
Ir de Pina,-1,
Hospital,-1,
Intoleravel,-1,
stci,-1,
Lisboa-para,-1,
Valle de Josaphat,-1,
Rapazes,-1,
"ribeira de
Crede",-1,
Obrigada,-1,
"com-
ro vernelh",-1,
Coraon,-1,
s V0s0s,-1,
Enlre,-1,
Terreiro do Pano,-1,
"bru de
galhofeiramente",-1,
vErso,-1,
1I,-1,
Salgadeira,-1,
Iuento,-1,
Fl-lei,-1,
Jose Mendonca,-1,
Cascaes,-1,
Iogar,-1,
Amarante,-1,
Secular,-1,
Im Oliveira,-1,
almada,-1,
azinhal,-1,
Mirante,-1,
Portolla,-1,
Signal,-1,
souto de azinheiros,-1,
Burro,-1,
"correia
dum1 latego",-1,
Olo,-1,
Ilalsuas,-1,
"Id
Bitos  Depois",-1,
Governador Civil...,-1,
Chelas,-1,
Carregada,-1,
soledade,-1,
Mlaseate,-1,
Jose l,-1,
Yuss,-1,
barbuda,-1,
foi?l santo Deus,-1,
d'espcranga,-1,
MIrica,-1,
Tructesindu,-1,
Inerosos,-1,
Quarta,-1,
ra ahi,-1,
pi,-1,
rccadinhos,-1,
Voltava,-1,
"sIl
Clamores",-1,
optia er ar-,-1,
Pelo,-1,
Christaos,-1,
Uaonalo,-1,
"rua das leccdairas
MIss",-1,
chamin do candieiro,-1,
tornzello,-1,
E0,-1,
"L-
ci",-1,
herva,-1,
Cara-,-1,
Pelourinho,-1,
cautclla dum,-1,
valle de Oriente,-1,
Safa,-1,
Gonealinho,-1,
Raos,-1,
Filho-,-1,
cerro,-1,
Villa Ela-,-1,
Italianos,-1,
Notarios,-1,
N1,-1,
Toi,-1,
palmas,-1,
noutra,-1,
Rei de fRanceza,-1,
Cas-,-1,
Engracia,-1,
Yivamontc,-1,
d'hera,-1,
Novellasinh,-1,
go,-1,
ilha do imperador,-1,
Asylo,-1,
Caramha,-1,
u roponte n'ossa,-1,
Videirinlia,-1,
Ourelo,-1,
Politica,-1,
Cantapedra,-1,
Atravcs,-1,
Governador civil d istricto,-1,
"ma-
n.",-1,
Violante,-1,
Largo dEl-lei,-1,
l)outro,-1,
Cavado,-1,
lLop0,-1,
Mendo,-1,
"ver-
gad0s",-1,
Affrontado,-1,
ancioso,-1,
Case,-1,
Cavalleiro-Caminhava,-1,
repellia,-1,
"tE-
des",-1,
Hlihecira do Coice,-1,
Doce,-1,
Montes recordava,-1,
El-ei,-1,
Barro despegou,-1,
escadaria redonda,-1,
justificaya,-1,
luzia ut,-1,
b)as,-1,
alo Mendes,-1,
ctbarcava,-1,
MAriquinhas,-1,
tRonco,-1,
t elo,-1,
Deves,-1,
torre dos murmurio,-1,
paschoal do cinto-anno,-1,
Tremendo,-1,
Sonhorio de sAnta energia,-1,
Torre illuminado,-1,
Santa-correia,-1,
Mlalchior,-1,
pre rijo,-1,
Mordomo-Mar,-1,
resoou,-1,
Iastardo,-1,
Clerigo da Cura,-1,
Arte,-1,
Ioemela do Tio,-1,
Lenda,-1,
Coio,-1,
sevilha,-1,
"Ca-
vlleiro",-1,
Thiago,-1,
Yalverdc,-1,
MIurtosa,-1,
BAIRRO,-1,
lILishoa,-1,
Ajudado,-1,
Goucalinho,-1,
"Joaquim da
Ca",-1,
ce eu nio,-1,
Hespanhoes do cOnde de Vonavente,-1,
almcjira,-1,
Corda,-1,
U Ponto,-1,
damasco verde,-1,
Seminario,-1,
segun,-1,
Visconde,-1,
lussia,-1,
Londres,-1,
cehi,-1,
de lisboa,-1,
algcmado,-1,
Foros,-1,
poeira;-e,-1,
Ioreto,-1,
n'outro,-1,
ponta da sobrinha,-1,
"dep- 
tadon",-1,
Lisboa do 5,-1,
Ave-,-1,
almofada,-1,
Tabemn,-1,
Sorriso,-1,
Costa,-1,
divan,-1,
Mlacheque,-1,
A0r,-1,
torre le Santa Direita,-1,
casa de Cavalleiro,-1,
Casal Novo,-1,
Longas,-1,
Conecelho,-1,
piquesinhos,-1,
Assembleia da cm-,-1,
n'este Agosto,-1,
Littcratura,-1,
baix,-1,
Pintainhan,-1,
Aleava,-1,
immensos,-1,
gagujo,-1,
rua Velha,-1,
"ILLITIII A1 II AMIIINS
genebra",-1,
Choupal,-1,
Acaso,-1,
Yill-Clara,-1,
Relogio,-1,
convento de S.,-1,
"fund
do jardim...",-1,
Iaires,-1,
Abria,-1,
Diabinhos,-1,
Tor de Santa,-1,
Titosinlo,-1,
HAMIES,-1,
Casa do Comercio,-1,
Fgadelos,-1,
Visigothicas,-1,
pouco0,-1,
S. Francisco,-1,
"Orgulho Mendes
Ramnires",-1,
N6s,-1,
vern0,-1,
sequito,-1,
Paio,-1,
"Ie-
generadores",-1,
saiasita nova,-1,
Bom Ieus.l,-1,
collo,-1,
Sentia sEn-,-1,
Mlohiqtue,-1,
Aos,-1,
Torr,-1,
naui,-1,
alargne,-1,
"pa-
elvira",-1,
Ensino,-1,
"Teixeira de
Carredes",-1,
Dezembro,-1,
Alo-,-1,
Mlunforte,-1,
Capital,-1,
Fervor,-1,
MiL0,-1,
n'esta frei-,-1,
"compridas-
sos antigos",-1,
vaes,-1,
Barroso,-1,
Cidadelhe,-1,
"Nodoa,-a Torre",-1,
elle,-1,
Ordonha,-1,
Milicias,-1,
alastrira,-1,
ksfaltato,-1,
In'ensinava,-1,
rio sol d'Agosto,-1,
FraIue,-1,
Immediatamente,-1,
Iepreheusio,-1,
IAMIIHS,-1,
Honra,-1,
Mel-,-1,
Gouealo,-1,
Tallan Honra de anta Direita,-1,
Principe,-1,
CgUin,-1,
Torre dourada,-1,
pessiuamentel,-1,
"Bica
St",-1,
rasgadamuente,-1,
Creia voc,-1,
Gutiorres,-1,
Malha-e,-1,
Brando,-1,
C0rtes,-1,
Te-Deum,-1,
folhcanlo,-1,
Camaras,-1,
Praia,-1,
Ita,-1,
"sc
captivo d",-1,
Cura,-1,
Hgypto,-1,
labutava,-1,
acostiadu,-1,
come0a,-1,
Dr.,-1,
"Rio Velho
Fnsaiou",-1,
atravez d matto,-1,
Famosa,-1,
"bai
ara",-1,
barbacena,-1,
"Marquez do
Tremendo",-1,
Delegado,-1,
"assohiando va-
gamente",-1,
Antonia,-1,
Yleirinha,-1,
Gonealol,-1,
irm,-1,
bAnco Ilypotheca-,-1,
"se-
girand",-1,
horrifurcmn i,-1,
Vermelha,-1,
vieira da barbeita,-1,
I)as,-1,
Autoridade do Districto,-1,
oiYCrsatos,-1,
sangue.- Entro,-1,
sa face mis,-1,
U SIM1ClhS  cRian,-1,
carinho0 antigo,-1,
Gramilde,-1,
Gela,-1,
ria da Tarde,-1,
tardes,-1,
"re-
onciliaco",-1,
I'portugal res-,-1,
dUro,-1,
Duraque,-1,
"estrada
General",-1,
Juizo,-1,
bravio,-1,
Conto,-1,
Meninos,-1,
Tit,-1,
Ihe,-1,
Quartel,-1,
porteira,-1,
Sopa,-1,
d'onde pendia,-1,
Parahcens,-1,
Pessoalmente,-1,
Vim,-1,
lages,-1,
InrUnCuS,-1,
Secretaria,-1,
Rio-Manso,-1,
Coral,-1,
n Snr,-1,
Ilistoric,-1,
Franca,-1,
macedo,-1,
a3,-1,
Jose Casco dos Bravaes,-1,
ID,-1,
TRiste Filha,-1,
IILILSII,-1,
"rua das so-
brancelhas",-1,
catedral i,-1,
Deliciosos,-1,
valla,-1,
Nua,-1,
Freixos,-1,
Encolheu,-1,
MIl-,-1,
Sanehes lUcena,-1,
dIIospanha,-1,
Jantimos,-1,
allectuaoso,-1,
Gonalinho,-1,
Iidulguia,-1,
"Agasalho hem
pequena",-1,
lrudieao,-1,
Hljlya-Ca,-1,
tanque de marmore,-1,
Suevo,-1,
Villalohsos,-1,
Iepnuiado,-1,
Andar de Santa Energia,-1,
"valle
le Canta-Pedra",-1,
"J0ao
Gouveia",-1,
ILLUS1,-1,
expressaes,-1,
Mlurtosa,-1,
Goela,-1,
Caes,-1,
Santa reunida,-1,
Bica-junta,-1,
Geuealoic,-1,
Impress,-1,
gingand,-1,
alpes,-1,
General verg0u,-1,
le1,-1,
Novclla,-1,
"pa pu-
blica",-1,
U.AA I,-1,
Ariosa,-1,
"nio podia p
amor le rainha",-1,
Vidago,-1,
districto d'Oliveira,-1,
Amizade,-1,
da senhora l,-1,
Temerario,-1,
ta esta-,-1,
Mendigo,-1,
Solto,-1,
qne u la branquuava,-1,
rins,-1,
deseubrulhes,-1,
Craquile-,-1,
Silencioso,-1,
"Santa Irm-
eia",-1,
"Col  Cavallo-
ro",-1,
So6,-1,
Inadava simp,-1,
caracolando,-1,
Nom,-1,
"Remires
Es",-1,
Iibeirinh,-1,
Sentia,-1,
canvivia,-1,
Tam-,-1,
dc traves,-1,
Monge,-1,
coniroversia,-1,
lord,-1,
Brilho-,-1,
Iaoscrlinre,-1,
C0I0,-1,
Christo,-1,
IAIIILS,-1,
homctzarrio,-1,
cacarolas,-1,
pavorosa,-1,
C.A1 I. III,-1,
olha Tarde,-1,
iarejando,-1,
Serra Moderna,-1,
tlivoirn,-1,
v-,-1,
preciusissimo,-1,
aggolrd,-1,
Aflnsinos,-1,
Saco,-1,
Flor,-1,
Tabacaria,-1,
hntea,-1,
nodoa,-1,
cnvallnrica,-1,
Assembleia,-1,
goVerna,-1,
iradignio,-1,
Santa-repetiu,-1,
anda,-1,
IIMIIIES,-1,
"ala-
mello",-1,
"Ir-
cha",-1,
IILLSTIIE,-1,
A0,-1,
Quan-,-1,
Feliz,-1,
Villar londres,-1,
"es
eutel m",-1,
Mares,-1,
Pego,-1,
lapis,-1,
phantasia,-1,
Novellia,-1,
Philosoplios,-1,
IJoa,-1,
a4,-1,
antes-0,-1,
Iepulud,-1,
Hoi  allivio,-1,
deseuferrujar,-1,
Almocei,-1,
Freguezia,-1,
Dize I.,-1,
Cerejcira,-1,
Terreiro da oUtra,-1,
um1,-1,
Ioio,-1,
Tive-frias,-1,
"horda da beira
do Coiee",-1,
Constantinopla,-1,
Ave-Maria,-1,
Clerigo,-1,
el,-1,
rcatnlis,-1,
idealisaa,-1,
"k
pre",-1,
Palacete inaccessivel,-1,
Dizer,-1,
Imagina,-1,
rio so dsmandsscm,-1,
innnuveisl Santo DEus Mortos,-1,
relogio da Camara,-1,
Lan-,-1,
Novembro,-1,
Castelhano,-1,
Universidade,-1,
mur,-1,
Verde,-1,
Governo,-1,
almenira luziram,-1,
du Loleria,-1,
"Li por Oliveira
1I0",-1,
brazil dos Barrlos,-1,
St I,-1,
Cala-Pedra,-1,
rossio,-1,
comezaina,-1,
LiSonja,-1,
valle muito fundo,-1,
i branca pelle,-1,
Iendera,-1,
Malares-,-1,
Correspondencia,-1,
Conde,-1,
Amanh,-1,
"se-
hor",-1,
St,-1,
prometteu decoralr,-1,
cabo d'ouro la letras d'ouro,-1,
Feitio-para,-1,
coraci nio,-1,
Gago,-1,
Ilamueente,-1,
SIN,-1,
Synonieo,-1,
braga,-1,
"MAnoel
lomingucs",-1,
ygaridute,-1,
urze,-1,
Gunal,-1,
MIa-,-1,
Sueiro,-1,
Creia,-1,
Manrique,-1,
Fina,-1,
ILl,-1,
N3,-1,
Pereira...,-1,
S. Fulgcncio,-1,
Capella,-1,
"im-
I",-1,
Capitanea,-1,
"IL.I.ATI CA  IIIILS
51",-1,
Silves,-1,
Olha,-1,
II0s,-1,
Gomes,-1,
"Barro-
lo",-1,
Annaes,-1,
Cortina,-1,
l'ara,-1,
ogoa,-1,
Iria,-1,
Prados,-1,
Violento do Tia duarte,-1,
aterre,-1,
luneta d'ouro,-1,
Imp,-1,
Largo d'El-Rei,-1,
Uns,-1,
Duvida,-1,
PATria-,-1,
descan,-1,
tegoa,-1,
Assigna,-1,
Gungalo,-1,
petroleo,-1,
pucirala,-1,
Novellal Co-,-1,
Mirante-se,-1,
l'o-,-1,
Mendon,-1,
lomba d cerro,-1,
ILlremcnle,-1,
Iussia,-1,
Margem,-1,
Gonzaga,-1,
.-MIas,-1,
Te0,-1,
Acaha,-1,
Borguinhio,-1,
Mau,-1,
Mlanoelzinho,-1,
A2s,-1,
Quamlo Is,-1,
C6ja,-1,
Vigas,-1,
guida,-1,
lIsb,-1,
regress0,-1,
aierro,-1,
atacando0,-1,
Quero,-1,
ge do Lnrg,-1,
Sancla,-1,
Ainistrador,-1,
oceano Mendes,-1,
Toledo,-1,
desenrolira,-1,
Apanhasse,-1,
Senhora,-1,
Olhado,-1,
Barro belgica,-1,
"fossos do
l'ao",-1,
Iaee,-1,
t1,-1,
...,-1,
Terras,-1,
Entao General,-1,
As,-1,
Toreiro-hnne,-1,
ste,-1,
uma-,-1,
egua,-1,
tan-,-1,
Guiio,-1,
genebra,-1,
d'Africa,-1,
Aquillo,-1,
"1I
sete",-1,
Phuarmacia,-1,
Hem,-1,
lE,-1,
Sinto,-1,
s0riso-em,-1,
"Santa Ela-
fia",-1,
MIL.I.TE,-1,
Levar,-1,
padre Subir,-1,
Ia,-1,
Ministerio,-1,
lrotaya,-1,
Alvaralhio,-1,
IDES,-1,
Palestina,-1,
"rcimeira dos
mnorrioes",-1,
formoso Leonel,-1,
Mante-Agora,-1,
Africa,-1,
"balou-
cava:-",-1,
marroquim,-1,
Trctesindo,-1,
"Se-
ricas",-1,
Llil Virgens,-1,
quelle,-1,
"Areia
cegas",-1,
I10,-1,
Portugueza...,-1,
"Social re-
condo",-1,
inspirado0 Pharmaceutico,-1,
primeiro0,-1,
conversar de l'politica,-1,
Bonita,-1,
do Sul,-1,
chut,-1,
FE,-1,
Mim,-1,
Bonito,-1,
Mlultidio,-1,
"Canta-l'e-
drag",-1,
Folhas,-1,
Nlirauie,-1,
rua das Ptgas,-1,
re salve  ra-,-1,
Politicos,-1,
"Cara-
A ILLLII CASA",-1,
0O,-1,
5I,-1,
AVES,-1,
Vidceirinha,-1,
"botoes das
caldas",-1,
Sombra,-1,
des Ramires,-1,
Lucena,-1,
Al,-1,
Pereira Ii,-1,
Lis-,-1,
Autoridade m'empurra,-1,
toscas0s,-1,
Feitos,-1,
"IIistoricos 
Iegeneradores",-1,
Solar de Santa Ironia-resistente,-1,
Grito,-1,
"OU Go-
vCn0",-1,
agua limosa,-1,
Torre de l. Imies,-1,
ILouatasl,-1,
Funchal,-1,
ilha da Camisola,-1,
l Nascera,-1,
-Aquelle Ande,-1,
Ilaccida,-1,
Alecmtcjshla,-1,
lettras,-1,
"us dtns manas
parlas",-1,
"grog
Rio",-1,
explondidus1 l,-1,
alagoVa,-1,
Cerdal,-1,
krudicio,-1,
veraculo,-1,
Iiscutal,-1,
Fidalgo la Torre,-1,
AfIonso,-1,
obruva,-1,
Nol,-1,
Vejo,-1,
Ca-,-1,
conheeel,-1,
Grande Caval-,-1,
l)usado le Galilea,-1,
penna,-1,
ma folha,-1,
Noella,-1,
Co0,-1,
nio senhor,-1,
Murtosa,-1,
Centro da Coragem,-1,
Cousas,-1,
lio Gouveia,-1,
Oriente,-1,
"Fidalgo da
Torre",-1,
Oh,-1,
Formosa,-1,
El-lei,-1,
bonito rapaz,-1,
Santa maria de Cra-,-1,
Castella,-1,
"Espi-
gal...",-1,
schnpre,-1,
litlerario,-1,
Agarrou,-1,
"Lisboa
Nem",-1,
Egreja de S. Christo,-1,
Cmuolino,-1,
Ilarrolo,-1,
Intimo,-1,
Rio Goueia,-1,
eil,-1,
Oliveira tnmhem veu,-1,
cscopur,-1,
Joao Gou-,-1,
estupidissmn0 Estantes,-1,
"Re-
bellos",-1,
ILreuco,-1,
Cu,-1,
"dan-
tica",-1,
vorga,-1,
pera de S. Joaio,-1,
v,-1,
Fugidiamente,-1,
lieapparecend0,-1,
Corredor,-1,
Titulo,-1,
passageiro de traves,-1,
F6ra,-1,
lha,-1,
Ficaes,-1,
Seculo,-1,
Mionsieur,-1,
"recahiu so-
pre",-1,
Tordesillas,-1,
Mente-M6r,-1,
Ilomnem,-1,
Car-,-1,
Goncale,-1,
Guelos,-1,
desolado:-,-1,
atroar portugal,-1,
Convento de Santa Bra-,-1,
cad,-1,
Morte,-1,
littwratura,-1,
Pegas,-1,
tanque redondo,-1,
Galeria,-1,
mInistro aeceiltz,-1,
Guiomar,-1,
Guia,-1,
Cidadelhe...,-1,
afaga4am,-1,
"anches
medicos",-1,
Pano,-1,
Torcendo,-1,
Historia de Franca,-1,
valle surde,-1,
familia Noronhal,-1,
i Saia leonor,-1,
Torre reprehendeu,-1,
plantatla,-1,
Igual,-1,
Saboya,-1,
"Lopo de
bAixo",-1,
II.III CASA,-1,
bru larga,-1,
Gonea-,-1,
s6,-1,
C1 UI1 hu Claro ma,-1,
lOpo,-1,
Governador Civil,-1,
l3ra-,-1,
tSolha,-1,
u Inf,-1,
Ponte,-1,
Monte-incr,-1,
desappareceu,-1,
Misericordia,-1,
cabo d,-1,
Convento de anta-dIrigida,-1,
AIIl,-1,
vein,-1,
u retconciliachlo,-1,
porta l1 sta,-1,
Froalengo,-1,
Itsa,-1,
Largo d'El-el,-1,
Bello,-1,
manch0es,-1,
pur,-1,
Cidade,-1,
FE General,-1,
Esgaseado,-1,
V,-1,
Paes,-1,
Moloar,-1,
Bar-,-1,
Rio Velho,-1,
Deter,-1,
tradieiol de desatulhar,-1,
Inf,-1,
Madeira,-1,
"Calcanhar
le Villa-Cural
28",-1,
selts,-1,
Gravinha,-1,
aquella noite de,-1,
Alto,-1,
Gouvcia,-1,
Bica-Velha,-1,
collina,-1,
Bravaes,-1,
illlela carta,-1,
Alegres,-1,
"Goncalo Ia-
ires",-1,
Foros de castanheiro,-1,
Archio,-1,
"dc
Franca",-1,
El-Rei - Goncale,-1,
crge n,-1,
ilha dum carniceiro,-1,
Terceira,-1,
Clamores,-1,
Mlendongcas,-1,
Triste,-1,
Reodades,-1,
"Fi-
dalgo",-1,
mo,-1,
Ntico,-1,
Caramnba,-1,
Atalhou,-1,
lanear,-1,
Manoel duarte,-1,
Ingl,-1,
Senhores,-1,
franc,-1,
senhora da ostrad,-1,
Gouveia,-1,
Cellas,-1,
u revolto,-1,
LIMITES,-1,
II.ESTE,-1,
IutIuUira,-1,
Mtandarim,-1,
Erncsto dc,-1,
"l'ali-
tica",-1,
Linho,-1,
Bens,-1,
"valle estreito dc Canta-Pedra: Lo con
Im",-1,
versOs,-1,
voltarete,-1,
Nu,-1,
MAria,-1,
Francezas,-1,
"Calcanhar de
Yill-Clara",-1,
Cunhas,-1,
Primo,-1,
Mloscatel,-1,
Crassa,-1,
Iagoas,-1,
recebendo0,-1,
enT-,-1,
estrada de Amizade,-1,
"Goncale
n'um rijo branca",-1,
mctte,-1,
zeviche,-1,
garygalheia,-1,
gloria,-1,
br,-1,
Alferes f-,-1,
Conviviam,-1,
Alea-,-1,
naqtuella nova,-1,
Ent,-1,
arremettida,-1,
IAMIILS,-1,
Ir I-,-1,
vulgurisar Portugal,-1,
mosteiro de Escadas,-1,
Senhor de Santa,-1,
CO,-1,
melaneholia,-1,
"Visconde de
Rio-Manso",-1,
E2P2DE2,-1,
Gutiecrres,-1,
Governador Civil oLiveira,-1,
Guadiana,-1,
Yendinha,-1,
Povo de S. Domingas,-1,
dua Arcada,-1,
lacradu,-1,
Gacinha,-1,
sia risonha,-1,
Mioirama,-1,
cuo,-1,
Ministerio da Fazenda,-1,
Ios,-1,
u Torre,-1,
l'o,-1,
Andorinha,-1,
Entro,-1,
"Culo novo do
cemiterio",-1,
Rios,-1,
Truetcsindo,-1,
"Ilenriqurcs
Ahalou",-1,
SUelor,-1,
Rogonerador,-1,
Presidente da Camara,-1,
lomba do outeiro,-1,
prado dAria,-1,
Venha,-1,
Esconde,-1,
Castro,-1,
Ponte mourisceas,-1,
"Fidalgo
la Torre dshontol",-1,
Janeiro,-1,
"Los
ra bustardo",-1,
En pesco i,-1,
General largu,-1,
"Tructesintol
Confiae",-1,
"in-
Quinta",-1,
vergastu,-1,
Sr. dminislradur do Concelho affirmo,-1,
Fl-Sei,-1,
Civil de Monforte,-1,
tcm,-1,
cmbaraeado,-1,
tiro,-1,
Afian-,-1,
Provincia,-1,
Caval-,-1,
Mosteiro de Duraque,-1,
Famosos,-1,
brigada0,-1,
Sim,-1,
S. l,-1,
cnveniencia,-1,
Yideirinha adeantou,-1,
illa-,-1,
U0,-1,
Jaranlin,-1,
"Quinta
feira",-1,
Sangria,-1,
nalleiru,-1,
berou,-1,
valent6es de Invejas.n,-1,
ferido-iCSsuleluellle,-1,
Pelestina,-1,
aquella noite de Castello,-1,
IL.1,-1,
Alvaralhao,-1,
hehendu,-1,
Areia,-1,
s pr,-1,
hurrinho,-1,
Entao,-1,
tanger,-1,
uuirroquim,-1,
Ilbeiiula,-1,
d ponte,-1,
d'Para,-1,
brotquel,-1,
V. F,-1,
Etelvina,-1,
Fllc,-1,
visiahanca da llosa,-1,
Brazileiro,-1,
elo Verde,-1,
ponta elle da orelha,-1,
Iracejandao,-1,
sahia,-1,
Alugaria,-1,
Prendia,-1,
carvalheiras do Casal No-,-1,
"alargne
form",-1,
socegae1 Velho,-1,
Treixedu,-1,
Alertal,-1,
estrebuchaudo,-1,
lEtras-mar,-1,
Longa-,-1,
C0O 0S,-1,
A Reliquia,-1,
flieira,-1,
cabo de rosas,-1,
Governador,-1,
Gracinhn,-1,
Sil,-1,
"Se-
or ate i borda da agua lodosa",-1,
cemiterio da Villa,-1,
io-Mans,-1,
Vingasse,-1,
vieira do casc,-1,
intima,-1,
scgo,-1,
"Torre
Vagarosalntt",-1,
Montes,-1,
Caslello,-1,
remergulhou,-1,
Vagarsalnclie,-1,
dentes;-e,-1,
Irrc,-1,
acol,-1,
Vento,-1,
Infancia,-1,
Freixomil,-1,
Fidalgo Vez,-1,
aquella rutmorsa,-1,
Ellas,-1,
Sobe,-1,
sc socego,-1,
gon,-1,
Chupado om vila,-1,
girand,-1,
Canta-l'e-,-1,
ba,-1,
Cm,-1,
Russa,-1,
Chor-,-1,
a10 StIA;,-1,
paix profundo,-1,
Irunsrle,-1,
melania,-1,
Castanhciro,-1,
Triunfo,-1,
Walter,-1,
Tavira,-1,
"Espa-
nha n'uma pandega",-1,
Dona-em,-1,
Foi-,-1,
Mes Amis,-1,
Inef,-1,
"triumpho dessa mi-
seria-- cnsadores",-1,
la0a,-1,
alllicto,-1,
"Paes-
tina",-1,
Crimine,-1,
lima,-1,
T:-s-convuls,-1,
Mlelieval,-1,
Ndalo,-1,
Tres,-1,
C0es,-1,
"ILus
tGracinha",-1,
Largo do Chafariz,-1,
"Solar de Santa Ironia-resistente como elle s for-
tuas",-1,
embaracados,-1,
Camara,-1,
affronta daquelle cnjado,-1,
Filhos,-1,
Culcalu,-1,
Alta,-1,
Lazareto'-,-1,
Imperioso,-1,
rolando0,-1,
irubulho,-1,
Atraves,-1,
Idiotia,-1,
Ionge,-1,
Comendador,-1,
riacho das boas,-1,
Sitio-,-1,
atravez das en-,-1,
alegre,-1,
largu,-1,
Santa Maria de Craqutde,-1,
maledicencias,-1,
Escurid,-1,
Guticrres,-1,
"sobreveste ne-
gra",-1,
"Paio Ramires
Pe",-1,
O-Hei Marquez de Tremendo,-1,
divinamentel,-1,
elteger,-1,
Sorte,-1,
elizmcnt,-1,
RE,-1,
Faces,-1,
Vitcirinha,-1,
"pau-
1",-1,
Cavallaria,-1,
Outeiro,-1,
Ferida,-1,
Tirava,-1,
Ccrqueira,-1,
V. Ex,-1,
Fino,-1,
Fuente-Guihal,-1,
"MIas o
Joao Gouveia",-1,
gua a0,-1,
Fidalga,-1,
mnhento,-1,
Ricos-Homens de Portugal,-1,
Batalhas de Apoiado,-1,
Audrcsinho,-1,
publicuva,-1,
Bibliotheca nacional,-1,
Par;ira,-1,
kFra alcan,-1,
hrchanja,-1,
elupinand,-1,
Abandonada,-1,
j la,-1,
i cons0-,-1,
Agua,-1,
Explico,-1,
sel,-1,
Bica,-1,
Crede,-1,
"Tua d'r-
l",-1,
cArICias,-1,
Patriotismo,-1,
eseulhida,-1,
chamma,-1,
Torre i,-1,
Erguera,-1,
vintcml,-1,
novecentoste,-1,
quietaeao,-1,
Deus,-1,
"villas da
doaao",-1,
Tructezindu,-1,
Facil de rellorir...,-1,
Est claro,-1,
"Bra-
vaes",-1,
lado0,-1,
"Goncale reino
aquelle intoleravel escandalo",-1,
Bras,-1,
Convidado,-1,
Auctoridade,-1,
"S. eX.
Aquelle",-1,
Museu,-1,
Tanque-Grande,-1,
Ali-,-1,
pau.n,-1,
DIagonal,-1,
Iaeo,-1,
io do Cavalleiro,-1,
Casas,-1,
lisboa d'onde,-1,
d'Oliveira,-1,
Filas,-1,
acredito,-1,
t,-1,
bahu,-1,
nio alvorolar,-1,
Craue-,-1,
brasil,-1,
iI:-,-1,
Inalo  in percebo,-1,
surprchendcssecm,-1,
Torre Vidveirinha,-1,
Cavallo-,-1,
"tIo-
perIGO",-1,
a;baixa politica1 de lPortuggab,-1,
"Gavonador
Civil",-1,
Inquirir,-1,
Gan-,-1,
Boa Miss Filhos,-1,
Nwvella,-1,
Guerra-,-1,
n0 fundo,-1,
mo di-,-1,
HOspital de Villa Clara,-1,
"Largo d`Fl-
ei",-1,
Torre de 1,-1,
rvoredo,-1,
Affns de Albuquerque,-1,
Santa Inclina,-1,
alentel,-1,
tdesmontar,-1,
Inuncaria,-1,
festa de,-1,
Arremessado,-1,
Reino,-1,
Vo-,-1,
F,-1,
Juec,-1,
Iibeiinh,-1,
GA,-1,
"ue nio der-
ribara",-1,
"U
desar0l",-1,
Iwis,-1,
Illa,-1,
puderosalt,-1,
la Pharmacia,-1,
resqu,-1,
"ABen-
to",-1,
Cuvalleirista,-1,
extasi,-1,
Christais,-1,
Pontinha,-1,
Sabedor,-1,
Moira-,-1,
opcraria n'ella,-1,
u marmore do lavatrio,-1,
Iieatei,-1,
"k pu-
lu",-1,
Vezes,-1,
"Cintra
Il",-1,
commette,-1,
l2art,-1,
Novecenios,-1,
ulherio,-1,
Snr,-1,
dalma,-1,
lulma ancia,-1,
etu,-1,
Guonealo,-1,
Mendonca,-1,
Fazendas,-1,
D)'um,-1,
ILLILSTIE,-1,
dcclaro,-1,
estrada le Conde,-1,
I1ou,-1,
d'as-,-1,
Colonia,-1,
Parada,-1,
Torre sen-,-1,
LOnge,-1,
chisti,-1,
Videirinln,-1,
Cez das Almas,-1,
ria Sei,-1,
barbara,-1,
UM,-1,
CAS,-1,
Castanheiro,-1,
China,-1,
Vede,-1,
Branca-Vento,-1,
Santa Ieneia,-1,
Precis-,-1,
N'essa,-1,
Iiccesvinto,-1,
"Fidalgo da Torre Mette
o Cavalleiro",-1,
fundia,-1,
r0Sa Sopa,-1,
llanella azul,-1,
Ilopois,-1,
OS6,-1,
Liberdade,-1,
Rtires,-1,
Tructezindo,-1,
IILLISII,-1,
Lisboa tres,-1,
Tado,-1,
estrada de Oriente,-1,
"alvoroto da bra-
ga curta",-1,
rainha2,-1,
Avantesmas,-1,
sujcit calvo,-1,
Agasalho,-1,
an Torno,-1,
io passeio,-1,
banco i lesa-onde,-1,
fortaleza,-1,
iroar,-1,
Arribada,-1,
Yillaverde,-1,
Bravo,-1,
Bispo de Coimbra,-1,
"Bara
las Margem",-1,
Ias l,-1,
Sonhos,-1,
gratid,-1,
"Hastardo b-
I1aa",-1,
MAria da Gra,-1,
Contraria,-1,
Yiduilrinha,-1,
I'ego ds Belas,-1,
Torre de ID,-1,
"d'onde
surda",-1,
Contrasta,-1,
"si-
lencio",-1,
atarefad,-1,
Gazeta do Outro,-1,
luliticu,-1,
MAnoel Justi,-1,
"Villa-
para",-1,
iruio,-1,
sellim,-1,
MOnte-Agora,-1,
I'is,-1,
PUxou,-1,
dali0,-1,
Central,-1,
arouca,-1,
Malta,-1,
decad das Infantas,-1,
Bancas,-1,
foi?l santo,-1,
cothanheiru,-1,
todo0,-1,
paschoal,-1,
Est,-1,
Atravez,-1,
MIS,-1,
belegado,-1,
la Honra,-1,
Colo-,-1,
Franziu,-1,
Tructesinudo,-1,
u Mendonca,-1,
BAixa,-1,
Sua mExe,-1,
I8,-1,
Carreira,-1,
Santa thereza,-1,
ILI.II,-1,
l'poder,-1,
"ca
Feita",-1,
mudira u,-1,
lorcia,-1,
Santa-correia rei-,-1,
copo0-,-1,
Villa-Clara 1 Torre,-1,
Elim,-1,
egedor,-1,
CUlII,-1,
Cumaras,-1,
sulco do tio duarte,-1,
Iaradiula,-1,
Valerde,-1,
I'olhe,-1,
cederamn,-1,
d'Abril,-1,
"S. lo-
mo",-1,
lEis,-1,
Is,-1,
Imensa,-1,
lucta,-1,
Catharina da Russia,-1,
"ce
empletava",-1,
Salvador,-1,
Moendo aes,-1,
Fraca,-1,
Concalo,-1,
ILI.LYTI,-1,
Coice,-1,
comprehendia,-1,
nia,-1,
bre,-1,
Ala-do,-1,
dua Parada,-1,
porei,-1,
agonisava,-1,
Val-,-1,
c1,-1,
Go-,-1,
AMIIILS,-1,
Pinheiro,-1,
seM-,-1,
Temerario i Carlos,-1,
linda mata,-1,
"Cavallo-
ro de Malta",-1,
espanto0,-1,
Agora-,-1,
Ah,-1,
colo0,-1,
calc branca,-1,
guardasoes,-1,
"IYIIHES
y0",-1,
di solid:z.,-1,
--Vi DEus Grande d,-1,
Manchas,-1,
"RE
ahi",-1,
Mathildes,-1,
Paes-,-1,
alo,-1,
Bayaiot,-1,
Tructcsindo,-1,
Passou,-1,
Magistratura,-1,
"ci impaciente-
ia",-1,
Figura,-1,
nellas,-1,
Ieus,-1,
"rehentar dum
mnorteiro",-1,
Hnmi-,-1,
bocca d alegre,-1,
p6de,-1,
U tio duarte,-1,
"Historia
l'Herculano",-1,
Lionala,-1,
Oliveira...,-1,
"Cidade
nis",-1,
Antonio VillalobUs,-1,
roma,-1,
Vivaonle,-1,
Filho-d'Algo,-1,
RAMIIIES,-1,
Cavalleiro de Malta,-1,
Iuidas,-1,
chi,-1,
Frade,-1,
Intao,-1,
"ste
rieni",-1,
"tanque-
te",-1,
Monacal,-1,
Currepolencias,-1,
Barrlos,-1,
LLLLLLLLLLILLLLILLILLLLLLLLLLLLLLLLLILLLLLLLL,-1,
Torre de anta Direita,-1,
Sao,-1,
costernado,-1,
nAda,-1,
desse-1,-1,
Delicado,-1,
Mato das MAiores,-1,
l'ois,-1,
Base Casco,-1,
1ti-frade,-1,
Colera,-1,
Fortes,-1,
N,-1,
Wriga,-1,
Pitta,-1,
Iadeircnta,-1,
Balbuciou,-1,
lleicao,-1,
Mos,-1,
Obra,-1,
Noella-recebeu do manh,-1,
lIl,-1,
3I,-1,
"a-
tulhava",-1,
Miranda  j,-1,
braza,-1,
Clara,-1,
Galilea,-1,
Mlertola,-1,
Reino de .4/,-1,
Oficina,-1,
santa mae do Barrolo,-1,
Julho,-1,
"t
pereira",-1,
"crean-I
do u leito de pau preto",-1,
AhI,0,
Ahi,0,
ahi,0,
Fntao,1,
kntao,1,
Nntao,1,
Ouvia,2,
ouvia7,2,
Santo deus7,3,
Santo Deus,3,
Terreiro da LOuca,4,
Terreiro da Lou,4,
Atraz,5,
atrazo,5,
iiI,6,
Iii,6,
III,6,
Ai,7,
AI,7,
Fidalgo da Torre,8,
Fidalgo da Torr,8,
Io,9,
io,9,
suor,10,
Suor,10,
General,11,
General-,11,
I19,12,
I13,12,
COndessa de Chelas,13,
Condessa de Chelas,13,
Andresinhol,14,
Andresinho,14,
India,15,
india,15,
te,16,
Te,16,
"I
Yideirinha",17,
Wideirinha,17,
Videirinh,17,
Yideirinha,17,
Videirinha,17,
club,18,
cLub,18,
r. doutor,19,
r. dOutor,19,
sAnta maria de Duraque,20,
Santa Maria de Duraque,20,
Terreiro l LUcta l,21,
Terreiro l LUcta,21,
Ramires-,22,
Ramires,22,
Ramiresl,22,
doutor,23,
DOutor,23,
dOutor,23,
Doutor,23,
ILLLTIE,24,
ILLlTIE,24,
Incr,25,
Incr-,25,
castello de Santa,26,
Castello de sAnta,26,
Annos,27,
annos0,27,
ANNOS,27,
merc,28,
Merc,28,
com-,29,
Com-,29,
Hotel MOndego,30,
Hotel Mondego,30,
Alc,31,
AlC,31,
SC,32,
Sc,32,
sc,32,
Iamos,33,
IAMOS,33,
Ministros,34,
Ministro,34,
sobretudo0,35,
Sobretudo,35,
Final,36,
Final-,36,
pOrto,37,
porto,37,
Porto,37,
d'Historia,38,
Historia,38,
quasi,39,
Quasi,39,
qUasi,39,
es,40,
ES,40,
"Governador
Civil",41,
"Governador
Civil-e",41,
ILLUSTRE,42,
ILLUStRE,42,
ILLuSTRE,42,
ILLUSTrE,42,
Manoel,43,
MAnoel,43,
Manches lUcena,44,
Manches Lucena,44,
Sanches LUcena,44,
pOrtugal,45,
Portugal-ate,45,
portugal,45,
poRtugal,45,
Portugal-,45,
Portugal,45,
Torre,46,
T(torre,46,
TOrre,46,
Torre-,46,
I6,47,
I61,47,
Castello,48,
Castellos,48,
porque2,49,
Porque,49,
raz Victoria,50,
bBraz Victoria,50,
italia,51,
Italia,51,
eUropa,52,
Europa,52,
ci,53,
Ci,53,
Cont,54,
cont,54,
Fra,55,
fra,55,
santa Direita,56,
dc sAnta Direita,56,
Santa Direita,56,
ESTiVE,57,
ESTIVE,57,
Estive,57,
Camisola,58,
Camisola-a,58,
LHe,59,
Lhe,59,
rio appareceu,60,
nio appareceu,60,
Face,61,
face,61,
Cavalleiro-,62,
Cavalleiro-quo,62,
v cavalleiro,62,
Cavalleiros,62,
U Cavalleiro,62,
cavalleiro,62,
O Cavalleiro,62,
Cavalleiro,62,
d'Marvila,63,
Marvila,63,
Santa Maria de Craquede,64,
santa Maria de Craquede,64,
Santa Maria de Craquedel,64,
Santa maria de Craquede:-aS6,64,
inclina0,65,
Inclina,65,
Direita,66,
Direita-,66,
Baixo,67,
bAixo,67,
Circulo,68,
Circulos,68,
Santa maria,69,
Santa MAria,69,
1Minha,70,
Minha,70,
Noronhal,71,
Noronhas,71,
Noronha,71,
c-,72,
C-,72,
Vosste,73,
vosste,73,
"santa
Direita",74,
"Santa
Direita",74,
gOn-,75,
Gon-,75,
Administradr,76,
Administra,76,
pereira,77,
I'pereira,77,
PEreira,77,
Pereira,77,
Imoral,78,
Moral,78,
MOsteiro,79,
Mosteiro,79,
a-,80,
A-,80,
as-,81,
As-,81,
Emfim,82,
eMfim,82,
Brio das Margens,83,
rio das Margens,83,
Diario das Margens,83,
Saber,84,
saber1,84,
ER,85,
Er,85,
Oliveira,86,
Oliveira-,86,
oliveira,86,
"en
Oliveira",86,
Oliveira-no,86,
Casco,87,
Cascol,87,
Prata,88,
pRata,88,
Bispo,89,
bIspo,89,
manh4,90,
Manh,90,
MIas,91,
Mias,91,
IYMIIIES,92,
IYMIIIE,92,
lArgo,93,
LArgo,93,
Largo,93,
I0,94,
I02,94,
Aministrador,95,
lministrador,95,
lagrimas,96,
Lagrimas,96,
lu Vileirinha,97,
Vileirinha,97,
Aguiar,98,
aguiar,98,
Fidalgo,99,
Fidalgo meu Fidalgo,99,
fIdalgo-,99,
dEpois,100,
DEpois,100,
em Portugal,101,
em portugal,101,
voss2,102,
voss,102,
ue,103,
t[Ue,103,
Goncalo,104,
Goncalol,104,
FIRMe,105,
firme0,105,
hE,106,
HE,106,
vi-,107,
Vi-,107,
Ado,108,
ado,108,
Maior,109,
Maior-,109,
Coimbra,110,
coimbra,110,
Governo Ci,111,
Governo Ci-,111,
Tio,112,
TiO,112,
Familiar,113,
familia,113,
Por-,114,
por-,114,
brandura,115,
branduras,115,
Santos,116,
santos,116,
VilLa-Clara,117,
Villa-Clara,117,
pre,118,
Pre,118,
lama6,119,
Lama,119,
padre,120,
Padre,120,
tamhen,121,
Tamhe,121,
Claustro,122,
claustro,122,
claustro0,122,
hotel Central,123,
Hotel Central,123,
Tica,124,
TiCA,124,
"Videirinha
s6",125,
"Videirinha
s6 poz",125,
Il,126,
IL,126,
Aquella,127,
aquella,127,
Aquellas,127,
Goncalinhol,128,
Goncalinho,128,
Tit6-,129,
Tit6,129,
TIt6,129,
Casimiras,130,
Casimira,130,
Goucalo,131,
Goucaloe,131,
pas-,132,
Pas-,132,
Ii,133,
ii,133,
Crime,134,
"CRIME
35",134,
Sud-express,135,
O Sud-express,135,
Santa energia,136,
Santa Energia,136,
beja,137,
Beja,137,
LYra,138,
lyra,138,
Bastardo,139,
lBastardo,139,
Nio,140,
nio,140,
Lisboa,141,
l.lisboa,141,
lIsboa,141,
lisboa,141,
"t
lIsboa",141,
LIsboa,141,
ILI,142,
Ili,142,
Valverde-,143,
Valverde,143,
re-,144,
Re-,144,
C0,145,
c00,145,
Canta-pedra,146,
Canta-Pedra,146,
Caramba,147,
carambal,147,
Piedade,148,
piedade,148,
Gonal,149,
Gonal0,149,
estado,150,
Estado,150,
Us,151,
us,151,
c-Santa,152,
Santa,152,
Santo,153,
santo,153,
quela,154,
Quela,154,
naquelle,155,
aquelle,155,
Aquelle,155,
n0,156,
N0,156,
Espanha,157,
espanha,157,
Hespanha,157,
Terra,158,
terra,158,
quc,159,
Quc,159,
Novellas,160,
Novellal,160,
Novella,160,
telegramma,161,
telegrammas,161,
N'aquelle,162,
n'aquelle,162,
necessitoa,163,
Necessito,163,
Melodia,164,
Melodias,164,
convento de Santa,165,
Convento de Santa,165,
apparecia,166,
appareci,166,
jornaes,167,
Jornaes,167,
Ma,168,
ma,168,
Gracinhae,169,
Gracinha,169,
IR,170,
Ir,170,
Sahira,171,
sahir,171,
